date,sku_id,category,sales_quantity,unit_price,sales_revenue,stock_level
2024-01-01,SKU0030,Electronics,20,23.0,460.0,389.0
2024-01-01,SKU0043,Sports,100,401.96,40196.0,178.0
2024-01-01,SKU0014,Home,55,414.09,22774.949999999997,289.0
2024-01-01,SKU0036,Clothing,40,462.95,18518.0,278.0
2024-01-02,SKU0042,Food,86,174.1,14972.6,440.0
2024-01-02,SKU0006,Sports,22,335.87,7389.14,81.0
2024-01-03,SKU0022,Food,25,409.76,10244.0,147.0
2024-01-03,SKU0042,Electronics,55,142.66,7846.3,333.0
2024-01-03,SKU0022,Sports,16,420.14,6722.24,349.0
2024-01-03,SKU0037,Clothing,32,310.57,9938.24,41.0
2024-01-04,SKU0035,Food,90,118.39,10655.1,296.0
2024-01-05,SKU0039,Sports,20,447.41,8948.2,45.0
2024-01-06,SKU0001,Electronics,50,15.39,769.5,498.0
2024-01-07,SKU0030,Home,33,376.33,12418.89,305.0
2024-01-07,SKU0037,Home,-19,466.69,-8867.11,128.0
2024-01-07,SKU0015,Electronics,34,291.49,9910.66,37.0
2024-01-08,SKU0024,Electronics,78,202.3,15779.400000000001,127.0
2024-01-09,SKU0024,Sports,51,33.01,1683.51,47.0
2024-01-09,SKU0001,Home,32,273.32,8746.24,291.0
2024-01-09,SKU0040,Clothing,56,439.83,24630.48,43.0
2024-01-10,SKU0043,Food,69,441.63,30472.47,118.0
2024-01-10,SKU0025,Electronics,745,32.41,24145.449999999997,292.0
2024-01-11,SKU0027,Food,59,214.71,12667.890000000001,225.0
2024-01-11,SKU0039,Home,62,88.77,5503.74,4.0
2024-01-11,SKU0045,Home,76,258.66,19658.160000000003,238.0
2024-01-12,SKU0040,Sports,39,455.14,17750.46,16.0
2024-01-12,SKU0040,Sports,39,455.14,17750.46,16.0
2024-01-12,SKU0009,Electronics,42,64.21,2696.8199999999997,338.0
2024-01-12,SKU0016,Electronics,45,300.28,13512.599999999999,210.0
2024-01-13,SKU0033,Home,88,166.19,14624.72,467.0
2024-01-13,SKU0001,Sports,72,103.44,7447.68,440.0
2024-01-13,SKU0032,Clothing,73,426.11,31106.030000000002,152.0
2024-01-14,SKU0045,Electronics,75,344.8,25860.0,191.0
2024-01-14,SKU0039,Home,61,46.82,2856.02,196.0
2024-01-15,SKU0035,Home,81,176.54,14299.74,210.0
2024-01-15,SKU0041,Food,53,299.24,15859.720000000001,496.0
2024-01-15,SKU0009,Electronics,4,173.41,693.64,383.0
2024-01-15,SKU0007,Home,69,436.35,30108.15,420.0
2024-01-15,SKU0004,Sports,39,397.45,15500.55,361.0
2024-01-16,SKU0011,Electronics,15,26.63,399.45,170.0
2024-01-16,SKU0011,Sports,80,215.2,17216.0,7.0
2024-01-16,SKU0028,Sports,45,130.74,5883.3,382.0
2024-01-16,SKU0036,Electronics,90,164.49,14804.1,381.0
2024-01-17,SKU0032,Food,63,416.57,26243.91,62.0
2024-01-17,SKU0026,Sports,72,225.97,16269.84,137.0
2024-01-17,SKU0011,Sports,10,371.38,3713.8,63.0
2024-01-18,SKU0009,Home,27,154.29,4165.83,0.0
2024-01-18,SKU0048,Clothing,9,470.14,4231.26,493.0
2024-01-18,SKU0022,Food,83,498.99,41416.17,64.0
2024-01-18,SKU0003,Electronics,63,392.0,24696.0,454.0
2024-01-18,SKU0050,Food,73,98.98,7225.54,149.0
2024-01-18,SKU0038,Food,4,264.27,1057.08,208.0
2024-01-19,SKU0034,Clothing,73,371.64,27129.719999999998,430.0
2024-01-19,SKU0032,Sports,60,95.93,5755.8,159.0
2024-01-19,SKU0031,Electronics,86,328.33,28236.379999999997,439.0
2024-01-19,SKU0041,Electronics,58,239.03,13863.74,332.0
2024-01-19,SKU0021,Food,85,467.84,39766.4,217.0
2024-01-20,SKU0049,Electronics,25,343.27,8581.75,254.0
2024-01-20,SKU0048,Electronics,17,368.79,6269.43,420.0
2024-01-21,SKU0006,Home,60,210.61,12636.6,442.0
2024-01-21,SKU0021,Food,20,371.42,7428.400000000001,269.0
2024-01-21,SKU0017,Clothing,85,438.6,37281.0,77.0
2024-01-21,SKU0042,Sports,39,474.17,18492.63,144.0
2024-01-21,SKU0047,Clothing,17,83.46,1418.82,282.0
2024-01-22,SKU0008,Food,54,280.5,15147.0,263.0
2024-01-23,SKU0011,Clothing,45,335.95,15117.75,288.0
2024-01-24,SKU0035,Electronics,7,110.52,773.64,428.0
2024-01-24,SKU0020,Sports,48,47.3,2270.3999999999996,220.0
2024-01-24,SKU0009,Sports,16,374.53,5992.48,50.0
2024-01-24,SKU0019,Food,33,493.96,16300.679999999998,337.0
2024-01-24,SKU0003,Sports,66,410.13,27068.579999999998,60.0
2024-01-25,SKU0003,Electronics,44,138.51,6094.44,212.0
2024-01-25,SKU0019,Sports,98,301.59,29555.819999999996,427.0
2024-01-25,SKU0018,Clothing,39,289.25,11280.75,390.0
2024-01-26,SKU0037,Home,15,349.22,5238.3,371.0
2024-01-26,SKU0046,Clothing,79,471.94,37283.26,345.0
2024-01-26,SKU0029,Home,27,297.25,8025.75,440.0
2024-01-26,SKU0011,Food,7,223.07,1561.49,260.0
2024-01-27,SKU0016,Clothing,-14,137.3,-1922.2000000000003,37.0
2024-01-27,SKU0019,Home,14,90.19,1262.6599999999999,77.0
2024-01-27,SKU0021,Sports,85,131.76,11199.599999999999,378.0
2024-01-27,SKU0002,Clothing,63,294.24,18537.12,500.0
2024-01-28,SKU0033,Sports,89,73.46,6537.94,360.0
2024-01-28,SKU0023,Sports,9,350.4,3153.6,442.0
2024-01-28,SKU0007,Home,36,129.15,4649.400000000001,53.0
2024-01-28,SKU0032,Food,645,179.48,115764.59999999999,121.0
2024-01-29,SKU0033,Sports,91,410.55,37360.05,161.0
2024-01-29,SKU0037,Food,97,118.77,11520.69,416.0
2024-01-29,SKU0035,Sports,32,27.91,893.12,294.0
2024-01-29,SKU0022,Electronics,93,351.76,32713.68,123.0
2024-01-29,SKU0029,Home,15,373.15,5597.25,251.0
2024-01-30,SKU0032,Home,58,210.28,12196.24,469.0
2024-01-30,SKU0040,Electronics,31,140.14,4344.339999999999,324.0
2024-01-31,SKU0038,Electronics,63,245.14,15443.82,169.0
2024-01-31,SKU0028,Sports,29,144.29,4184.41,450.0
2024-02-01,SKU0020,Clothing,38,204.67,7777.459999999999,122.0
2024-02-02,SKU0042,Electronics,99,78.66,7787.339999999999,277.0
2024-02-02,SKU0005,Clothing,95,374.32,35560.4,341.0
2024-02-02,SKU0033,Clothing,50,384.17,19208.5,445.0
2024-02-03,SKU0023,Clothing,71,342.23,24298.33,405.0
2024-02-03,SKU0023,Clothing,42,118.04,4957.68,320.0
2024-02-03,SKU0006,Clothing,24,155.59,3734.16,78.0
2024-02-03,SKU0028,Electronics,76,475.48,36136.48,496.0
2024-02-04,SKU0026,Food,72,54.83,3947.7599999999998,50.0
2024-02-05,SKU0039,Sports,5,108.8,544.0,27.0
2024-02-05,SKU0016,Electronics,32,77.04,2465.28,212.0
2024-02-05,SKU0009,Clothing,19,16.42,311.98,41.0
2024-02-05,SKU0040,Clothing,90,377.48,33973.200000000004,117.0
2024-02-06,SKU0028,Sports,52,294.49,15313.48,252.0
2024-02-07,SKU0044,Sports,25,73.15,1828.7500000000002,235.0
2024-02-08,SKU0006,Sports,16,378.83,6061.28,298.0
2024-02-09,SKU0003,Clothing,43,396.41,17045.63,30.0
2024-02-09,SKU0028,Home,43,153.64,6606.5199999999995,147.0
2024-02-09,SKU0019,Clothing,-11,382.9,-4211.9,153.0
2024-02-09,SKU0043,Clothing,83,478.27,39696.409999999996,51.0
2024-02-09,SKU0037,Clothing,16,241.31,3860.96,300.0
2024-02-09,SKU0018,Clothing,26,122.7,3190.2000000000003,196.0
2024-02-10,SKU0028,Sports,26,78.24,2034.2399999999998,301.0
2024-02-10,SKU0045,Food,36,19.66,707.76,46.0
2024-02-10,SKU0047,Home,-20,43.0,-860.0,247.0
2024-02-10,SKU0014,Clothing,18,42.2,759.6,10.0
2024-02-10,SKU0031,Home,44,443.06,19494.64,277.0
2024-02-10,SKU0008,Home,45,21.96,988.2,405.0
2024-02-11,SKU0026,Sports,80,71.08,5686.4,465.0
2024-02-11,SKU0034,Home,90,440.53,39647.7,89.0
2024-02-11,SKU0044,Home,70,16.37,1145.9,483.0
2024-02-11,SKU0019,Food,-3,481.87,-1445.6100000000001,492.0
2024-02-11,SKU0036,Food,60,286.92,17215.2,135.0
2024-02-12,SKU0032,Food,98,401.93,39389.14,96.0
2024-02-12,SKU0049,Sports,100,351.74,35174.0,282.0
2024-02-12,SKU0016,Home,48,29.32,1407.3600000000001,443.0
2024-02-13,SKU0018,Electronics,66,65.49,4322.339999999999,115.0
2024-02-15,SKU0026,Electronics,-19,60.23,-1144.37,233.0
2024-02-15,SKU0028,Home,-16,177.52,-2840.32,217.0
2024-02-15,SKU0013,Home,81,126.71,10263.51,164.0
2024-02-16,SKU0048,Food,3,228.54,685.62,478.0
2024-02-17,SKU0033,Sports,48,269.18,12920.64,253.0
2024-02-18,SKU0042,Food,6,186.88,1121.28,395.0
2024-02-18,SKU0026,Food,42,25.28,1061.76,139.0
2024-02-18,SKU0046,Home,10,69.08,690.8,119.0
2024-02-19,SKU0030,Clothing,84,299.21,25133.64,141.0
2024-02-19,SKU0017,Clothing,23,133.38,3067.74,304.0
2024-02-20,SKU0006,Sports,35,110.44,3865.4,253.0
2024-02-20,SKU0002,Home,91,123.78,11263.98,316.0
2024-02-21,SKU0002,Clothing,50,419.12,20956.0,389.0
2024-02-21,SKU0001,Sports,594,484.75,287941.5,151.0
2024-02-22,SKU0035,Electronics,38,210.14,7985.32,14.0
2024-02-22,SKU0019,Sports,69,18.76,1294.44,335.0
2024-02-22,SKU0019,Sports,69,18.76,1294.44,335.0
2024-02-23,SKU0048,Electronics,87,356.55,31019.850000000002,320.0
2024-02-23,SKU0042,Home,3,279.92,839.76,153.0
2024-02-23,SKU0030,Food,68,150.65,10244.2,147.0
2024-02-24,SKU0017,Food,59,231.59,13663.81,239.0
2024-02-24,SKU0035,Home,74,79.02,5847.48,358.0
2024-02-24,SKU0033,Electronics,18,184.28,3317.04,331.0
2024-02-24,SKU0033,Food,96,288.29,27675.840000000004,247.0
2024-02-24,SKU0033,Food,44,261.22,11493.68,194.0
2024-02-24,SKU0049,Home,46,320.4,14738.4,255.0
2024-02-25,SKU0002,Electronics,89,351.18,31255.02,397.0
2024-02-25,SKU0037,Food,80,84.32,6745.599999999999,312.0
2024-02-25,SKU0022,Sports,15,225.18,3377.7000000000003,285.0
2024-02-26,SKU0044,Electronics,88,315.88,27797.44,230.0
2024-02-26,SKU0044,Electronics,23,42.87,986.01,46.0
2024-02-26,SKU0001,Electronics,29,174.25,5053.25,405.0
2024-02-26,SKU0045,Clothing,674,487.01,328244.74,294.0
2024-02-26,SKU0032,Home,93,304.25,28295.25,363.0
2024-02-27,SKU0021,Clothing,34,399.68,13589.12,351.0
2024-02-27,SKU0037,Home,56,329.2,18435.2,248.0
2024-02-28,SKU0017,Clothing,69,197.74,13644.060000000001,282.0
2024-02-28,SKU0022,Sports,981,22.05,21631.05,500.0
2024-02-28,SKU0002,Electronics,71,206.42,14655.82,147.0
2024-02-28,SKU0024,Home,6,205.1,1230.6,422.0
2024-02-28,SKU0044,Home,87,438.21,38124.27,409.0
2024-02-29,SKU0004,Electronics,37,85.14,3150.18,359.0
2024-02-29,SKU0002,Home,50,194.7,9735.0,391.0
2024-03-01,SKU0046,Food,2,385.92,771.84,494.0
2024-03-01,SKU0022,Clothing,4,305.54,1222.16,58.0
2024-03-01,SKU0048,Clothing,99,472.59,46786.409999999996,250.0
2024-03-01,SKU0017,Home,-20,275.22,-5504.400000000001,327.0
2024-03-02,SKU0003,Home,43,141.35,6078.05,395.0
2024-03-02,SKU0049,Clothing,60,198.32,11899.199999999999,38.0
2024-03-02,SKU0013,Sports,54,196.05,10586.7,59.0
2024-03-03,SKU0020,Clothing,42,469.05,19700.100000000002,149.0
2024-03-03,SKU0018,Electronics,28,181.56,5083.68,388.0
2024-03-03,SKU0024,Electronics,82,421.06,34526.92,76.0
2024-03-03,SKU0008,Clothing,75,78.49,5886.75,322.0
2024-03-04,SKU0023,Electronics,35,281.55,9854.25,357.0
2024-03-04,SKU0008,Clothing,84,335.13,28150.92,306.0
2024-03-04,SKU0045,Home,56,438.1,24533.600000000002,51.0
2024-03-04,SKU0001,Home,31,437.74,13569.94,136.0
2024-03-04,SKU0031,Clothing,100,143.35,14335.0,35.0
2024-03-04,SKU0035,Clothing,37,490.78,18158.86,279.0
2024-03-04,SKU0001,Sports,-5,157.47,-787.35,196.0
2024-03-05,SKU0036,Food,85,117.89,10020.65,183.0
2024-03-05,SKU0015,Home,93,473.6,44044.8,240.0
2024-03-07,SKU0048,Sports,79,30.63,2419.77,445.0
2024-03-08,SKU0032,Electronics,64,96.5,6176.0,162.0
2024-03-08,SKU0028,Sports,46,140.84,6478.64,87.0
2024-03-08,SKU0029,Sports,67,97.49,6531.83,209.0
2024-03-08,SKU0040,Food,75,472.69,35451.75,233.0
2024-03-08,SKU0032,Electronics,74,218.35,16157.9,265.0
2024-03-08,SKU0017,Food,98,439.96,43116.079999999994,389.0
2024-03-08,SKU0017,Sports,56,343.03,19209.68,240.0
2024-03-08,SKU0033,Food,97,82.84,8035.4800000000005,221.0
2024-03-08,SKU0007,Sports,32,319.81,10233.92,224.0
2024-03-08,SKU0050,Food,53,412.42,21858.260000000002,135.0
2024-03-08,SKU0024,Electronics,89,364.48,32438.72,407.0
2024-03-09,SKU0001,Food,-17,357.0,-6069.0,436.0
2024-03-09,SKU0032,Food,61,360.83,22010.629999999997,299.0
2024-03-09,SKU0024,Sports,99,180.01,17820.989999999998,224.0
2024-03-09,SKU0008,Home,66,292.38,19297.079999999998,338.0
2024-03-10,SKU0041,Electronics,97,264.23,25630.31,72.0
2024-03-10,SKU0048,Electronics,92,432.44,39784.48,227.0
2024-03-11,SKU0043,Sports,23,422.5,9717.5,295.0
2024-03-11,SKU0046,Clothing,68,245.49,16693.32,271.0
2024-03-12,SKU0049,Sports,80,100.72,8057.6,403.0
2024-03-12,SKU0026,Sports,75,309.61,23220.75,36.0
2024-03-12,SKU0027,Food,95,317.58,30170.1,152.0
2024-03-12,SKU0011,Food,11,130.22,1432.42,236.0
2024-03-12,SKU0044,Electronics,86,448.01,38528.86,317.0
2024-03-13,SKU0042,Sports,34,484.86,16485.24,446.0
2024-03-13,SKU0039,Electronics,63,406.66,25619.58,85.0
2024-03-14,SKU0035,Clothing,40,432.4,17296.0,164.0
2024-03-15,SKU0006,Sports,1,236.38,236.38,361.0
2024-03-16,SKU0044,Food,54,363.9,19650.6,80.0
2024-03-16,SKU0023,Clothing,32,123.23,3943.36,251.0
2024-03-16,SKU0018,Electronics,76,47.71,3625.96,438.0
2024-03-17,SKU0046,Home,32,214.61,6867.52,319.0
2024-03-17,SKU0027,Sports,93,273.12,25400.16,46.0
2024-03-17,SKU0028,Sports,10,429.29,4292.900000000001,82.0
2024-03-18,SKU0024,Sports,36,204.16,7349.76,120.0
2024-03-19,SKU0004,Home,36,410.8,14788.800000000001,460.0
2024-03-19,SKU0027,Sports,9,137.12,1234.08,165.0
2024-03-19,SKU0005,Clothing,629,381.55,239994.95,11.0
2024-03-20,SKU0003,Home,54,492.36,26587.440000000002,26.0
2024-03-21,SKU0005,Food,35,124.47,4356.45,209.0
2024-03-21,SKU0035,Electronics,81,231.7,18767.7,155.0
2024-03-21,SKU0044,Food,61,460.73,28104.530000000002,471.0
2024-03-21,SKU0035,Home,62,219.61,13615.820000000002,79.0
2024-03-21,SKU0035,Clothing,36,472.92,17025.12,203.0
2024-03-21,SKU0033,Sports,99,274.35,27160.65,242.0
2024-03-23,SKU0028,Clothing,50,295.69,14784.5,18.0
2024-03-24,SKU0007,Home,19,12.27,233.13,304.0
2024-03-25,SKU0005,Electronics,76,91.48,6952.4800000000005,115.0
2024-03-26,SKU0012,Food,96,180.43,17321.28,349.0
2024-03-26,SKU0023,Home,-3,469.24,-1407.72,432.0
2024-03-27,SKU0050,Sports,84,401.71,33743.64,69.0
2024-03-27,SKU0007,Home,41,162.74,6672.34,491.0
2024-03-27,SKU0033,Electronics,4,111.15,444.6,14.0
2024-03-28,SKU0047,Electronics,9,271.4,2442.6,291.0
2024-03-28,SKU0026,Electronics,12,52.62,631.4399999999999,462.0
2024-03-28,SKU0030,Home,34,23.28,791.52,325.0
2024-03-29,SKU0025,Food,40,439.62,17584.8,320.0
2024-03-30,SKU0039,Home,526,73.74,38787.24,151.0
2024-03-30,SKU0033,Home,24,101.35,2432.3999999999996,367.0
2024-03-31,SKU0007,Electronics,97,302.45,29337.649999999998,124.0
2024-03-31,SKU0031,Clothing,57,462.02,26335.14,405.0
2024-03-31,SKU0013,Food,-11,320.66,-3527.26,226.0
2024-03-31,SKU0031,Clothing,57,462.02,26335.14,405.0
2024-04-01,SKU0032,Electronics,98,13.13,1286.74,461.0
2024-04-01,SKU0004,Sports,65,383.6,24934.0,106.0
2024-04-02,SKU0035,Clothing,87,350.03,30452.609999999997,230.0
2024-04-02,SKU0001,Sports,28,177.49,4969.72,129.0
2024-04-02,SKU0035,Home,29,301.74,8750.460000000001,13.0
2024-04-03,SKU0010,Electronics,42,466.74,19603.08,473.0
2024-04-03,SKU0006,Food,93,417.75,38850.75,411.0
2024-04-04,SKU0025,Food,46,38.34,1763.64,249.0
2024-04-04,SKU0014,Home,57,351.36,20027.52,403.0
2024-04-04,SKU0037,Electronics,98,437.2,42845.6,236.0
2024-04-05,SKU0017,Home,70,19.01,1330.7,67.0
2024-04-05,SKU0028,Electronics,41,449.2,18417.2,339.0
2024-04-06,SKU0028,Clothing,71,400.67,28447.57,88.0
2024-04-07,SKU0048,Food,740,314.25,232545.0,195.0
2024-04-07,SKU0045,Food,12,436.25,5235.0,423.0
2024-04-07,SKU0039,Sports,41,284.22,11653.02,20.0
2024-04-07,SKU0018,Clothing,56,257.89,14441.84,232.0
2024-04-07,SKU0039,Home,93,26.43,2457.99,485.0
2024-04-07,SKU0008,Sports,21,155.7,3269.7,390.0
2024-04-08,SKU0014,Sports,77,206.37,15890.49,295.0
2024-04-09,SKU0038,Food,14,485.82,6801.48,193.0
2024-04-11,SKU0042,Home,90,215.27,19374.3,139.0
2024-04-11,SKU0044,Sports,94,116.94,10992.36,400.0
2024-04-12,SKU0008,Clothing,79,179.71,14197.09,147.0
2024-04-12,SKU0037,Clothing,55,256.08,14084.4,128.0
2024-04-12,SKU0049,Home,69,267.59,18463.71,104.0
2024-04-12,SKU0024,Electronics,92,458.59,42190.28,176.0
2024-04-13,SKU0030,Food,54,206.95,11175.3,302.0
2024-04-13,SKU0025,Sports,29,411.36,11929.44,450.0
2024-04-14,SKU0042,Home,-9,392.12,-3529.08,176.0
2024-04-14,SKU0003,Electronics,22,355.73,7826.06,76.0
2024-04-14,SKU0019,Food,59,115.32,6803.879999999999,361.0
2024-04-15,SKU0009,Electronics,-11,347.06,-3817.66,154.0
2024-04-15,SKU0033,Electronics,33,387.75,12795.75,282.0
2024-04-15,SKU0026,Electronics,-12,319.98,-3839.76,353.0
2024-04-17,SKU0030,Sports,56,127.0,7112.0,466.0
2024-04-17,SKU0022,Home,69,454.17,31337.73,194.0
2024-04-18,SKU0001,Clothing,86,232.11,19961.460000000003,344.0
2024-04-18,SKU0041,Food,54,173.78,9384.12,233.0
2024-04-18,SKU0008,Home,71,252.62,17936.02,125.0
2024-04-18,SKU0026,Electronics,26,475.62,12366.12,174.0
2024-04-18,SKU0048,Clothing,74,423.83,31363.42,445.0
2024-04-18,SKU0049,Clothing,1,275.4,275.4,387.0
2024-04-18,SKU0036,Food,41,185.83,7619.030000000001,155.0
2024-04-18,SKU0015,Food,56,313.84,17575.039999999997,156.0
2024-04-19,SKU0023,Food,14,51.82,725.48,165.0
2024-04-19,SKU0022,Food,33,434.97,14354.01,195.0
2024-04-20,SKU0032,Clothing,36,253.22,9115.92,241.0
2024-04-20,SKU0044,Home,28,174.21,4877.88,130.0
2024-04-21,SKU0039,Clothing,82,339.23,27816.86,496.0
2024-04-22,SKU0049,Clothing,78,458.01,35724.78,474.0
2024-04-22,SKU0003,Clothing,36,464.6,16725.600000000002,18.0
2024-04-23,SKU0012,Electronics,61,405.21,24717.809999999998,1.0
2024-04-23,SKU0002,Clothing,59,400.74,23643.66,40.0
2024-04-24,SKU0025,Electronics,93,67.28,6257.04,465.0
2024-04-24,SKU0007,Sports,4,459.48,1837.92,437.0
2024-04-24,SKU0007,Sports,4,459.48,1837.92,437.0
2024-04-25,SKU0002,Home,63,292.49,18426.87,224.0
2024-04-26,SKU0020,Home,4,242.36,969.44,477.0
2024-04-26,SKU0044,Electronics,78,18.87,1471.8600000000001,351.0
2024-04-26,SKU0015,Food,99,61.01,6039.99,240.0
2024-04-27,SKU0006,Clothing,12,440.77,5289.24,354.0
2024-04-27,SKU0041,Electronics,64,187.57,12004.48,276.0
2024-04-27,SKU0016,Clothing,994,377.33,375066.01999999996,358.0
2024-04-27,SKU0026,Clothing,52,424.76,22087.52,41.0
2024-04-27,SKU0024,Sports,97,91.85,8909.449999999999,436.0
2024-04-28,SKU0002,Sports,20,275.53,5510.599999999999,259.0
2024-04-28,SKU0025,Food,43,461.21,19832.03,136.0
2024-04-29,SKU0040,Sports,11,62.23,684.53,74.0
2024-04-29,SKU0009,Sports,57,99.14,5650.9800000000005,387.0
2024-04-30,SKU0040,Clothing,725,437.05,316861.25,183.0
2024-05-01,SKU0003,Sports,49,335.2,16424.8,366.0
2024-05-01,SKU0036,Electronics,28,368.96,10330.88,260.0
2024-05-01,SKU0024,Electronics,90,248.84,22395.6,211.0
2024-05-02,SKU0021,Electronics,16,444.13,7106.08,195.0
2024-05-03,SKU0024,Sports,78,98.48,7681.4400000000005,275.0
2024-05-04,SKU0029,Food,92,302.17,27799.640000000003,292.0
2024-05-04,SKU0020,Home,78,463.37,36142.86,228.0
2024-05-04,SKU0027,Food,8,223.7,1789.6,422.0
2024-05-04,SKU0016,Sports,55,151.46,8330.300000000001,60.0
2024-05-05,SKU0007,Clothing,40,49.71,1988.4,150.0
2024-05-05,SKU0025,Home,89,216.5,19268.5,232.0
2024-05-06,SKU0027,Home,60,450.05,27003.0,345.0
2024-05-07,SKU0005,Sports,92,254.2,23386.399999999998,482.0
2024-05-08,SKU0048,Clothing,73,311.77,22759.21,197.0
2024-05-08,SKU0036,Clothing,63,329.85,20780.550000000003,170.0
2024-05-09,SKU0032,Clothing,31,58.73,1820.6299999999999,343.0
2024-05-09,SKU0021,Sports,4,123.03,492.12,488.0
2024-05-09,SKU0042,Electronics,37,204.62,7570.9400000000005,210.0
2024-05-09,SKU0024,Clothing,74,236.71,17516.54,213.0
2024-05-09,SKU0013,Home,32,252.98,8095.36,28.0
2024-05-10,SKU0003,Sports,55,20.42,1123.1000000000001,333.0
2024-05-10,SKU0022,Clothing,67,112.85,7560.95,492.0
2024-05-11,SKU0006,Clothing,85,50.57,4298.45,467.0
2024-05-12,SKU0002,Home,29,67.7,1963.3000000000002,147.0
2024-05-13,SKU0033,Food,84,155.19,13035.96,73.0
2024-05-15,SKU0047,Food,67,85.41,5722.469999999999,471.0
2024-05-15,SKU0020,Electronics,18,111.86,2013.48,416.0
2024-05-15,SKU0020,Electronics,6,124.15,744.9000000000001,339.0
2024-05-15,SKU0024,Food,49,21.01,1029.49,185.0
2024-05-15,SKU0015,Electronics,79,432.27,34149.33,89.0
2024-05-16,SKU0047,Home,85,492.57,41868.45,331.0
2024-05-16,SKU0037,Electronics,54,474.74,25635.96,336.0
2024-05-17,SKU0002,Sports,90,72.47,6522.3,80.0
2024-05-17,SKU0035,Electronics,49,307.79,15081.710000000001,273.0
2024-05-17,SKU0034,Sports,1,480.92,480.92,455.0
2024-05-17,SKU0049,Home,96,86.51,8304.960000000001,92.0
2024-05-17,SKU0035,Electronics,97,54.88,5323.360000000001,404.0
2024-05-18,SKU0041,Food,14,42.02,588.2800000000001,162.0
2024-05-18,SKU0044,Electronics,11,51.9,570.9,205.0
2024-05-18,SKU0009,Electronics,60,362.33,21739.8,426.0
2024-05-18,SKU0012,Home,39,136.36,5318.040000000001,320.0
2024-05-18,SKU0041,Clothing,60,249.82,14989.199999999999,300.0
2024-05-19,SKU0011,Home,56,409.14,22911.84,415.0
2024-05-19,SKU0040,Home,77,497.5,38307.5,316.0
2024-05-19,SKU0012,Food,67,276.34,18514.78,267.0
2024-05-19,SKU0015,Home,96,87.72,8421.119999999999,73.0
2024-05-20,SKU0005,Clothing,86,332.8,28620.8,144.0
2024-05-20,SKU0015,Sports,3,448.33,1344.99,27.0
2024-05-21,SKU0026,Electronics,65,192.92,12539.8,265.0
2024-05-21,SKU0002,Sports,86,451.01,38786.86,311.0
2024-05-21,SKU0007,Clothing,25,122.33,3058.25,38.0
2024-05-21,SKU0008,Food,24,414.65,9951.599999999999,130.0
2024-05-21,SKU0002,Home,31,119.67,3709.77,382.0
2024-05-21,SKU0009,Home,61,445.49,27174.89,446.0
2024-05-21,SKU0032,Clothing,35,332.64,11642.4,312.0
2024-05-22,SKU0035,Clothing,49,416.17,20392.33,357.0
2024-05-22,SKU0045,Sports,40,36.83,1473.1999999999998,84.0
2024-05-22,SKU0035,Clothing,49,416.17,20392.33,357.0
2024-05-23,SKU0050,Sports,-13,274.59,-3569.6699999999996,483.0
2024-05-23,SKU0012,Clothing,89,97.24,8654.359999999999,20.0
2024-05-23,SKU0025,Sports,30,357.1,10713.0,317.0
2024-05-23,SKU0038,Food,6,256.33,1537.98,404.0
2024-05-24,SKU0047,Clothing,67,150.75,10100.25,369.0
2024-05-24,SKU0049,Electronics,73,123.52,9016.96,436.0
2024-05-25,SKU0038,Food,14,317.48,4444.72,445.0
2024-05-25,SKU0008,Home,54,120.06,6483.24,352.0
2024-05-25,SKU0039,Sports,70,315.83,22108.1,206.0
2024-05-26,SKU0016,Electronics,7,287.54,2012.7800000000002,255.0
2024-05-27,SKU0014,Sports,96,275.93,26489.28,352.0
2024-05-27,SKU0029,Food,34,243.26,8270.84,477.0
2024-05-28,SKU0008,Home,47,492.2,23133.399999999998,447.0
2024-05-28,SKU0016,Clothing,32,365.14,11684.48,22.0
2024-05-29,SKU0033,Food,89,24.33,2165.37,326.0
2024-05-29,SKU0048,Sports,99,213.17,21103.829999999998,376.0
2024-05-29,SKU0024,Food,100,498.47,49847.0,309.0
2024-05-29,SKU0014,Clothing,77,316.69,24385.13,415.0
2024-05-29,SKU0028,Sports,94,183.76,17273.44,7.0
2024-05-30,SKU0019,Electronics,44,77.07,3391.08,322.0
2024-05-30,SKU0049,Sports,95,470.52,44699.4,226.0
2024-05-30,SKU0026,Sports,52,302.73,15741.960000000001,122.0
2024-05-31,SKU0024,Clothing,94,266.3,25032.2,485.0
2024-06-01,SKU0027,Food,97,86.07,8348.789999999999,390.0
2024-06-01,SKU0027,Electronics,82,386.45,31688.899999999998,432.0
2024-06-01,SKU0012,Sports,65,401.4,26091.0,18.0
2024-06-01,SKU0005,Clothing,68,266.95,18152.6,420.0
2024-06-02,SKU0011,Sports,30,98.9,2967.0,281.0
2024-06-03,SKU0029,Clothing,58,331.07,19202.06,355.0
2024-06-03,SKU0014,Clothing,86,177.62,15275.32,108.0
2024-06-03,SKU0044,Electronics,25,157.68,3942.0,310.0
2024-06-04,SKU0016,Electronics,11,463.53,5098.83,58.0
2024-06-04,SKU0045,Food,31,337.36,10458.16,355.0
2024-06-04,SKU0041,Home,62,141.65,8782.300000000001,318.0
2024-06-05,SKU0050,Clothing,72,381.54,27470.88,323.0
2024-06-07,SKU0030,Sports,-15,62.42,-936.3000000000001,300.0
2024-06-07,SKU0047,Home,49,324.16,15883.840000000002,209.0
2024-06-07,SKU0034,Food,91,216.46,19697.86,51.0
2024-06-08,SKU0029,Food,60,495.67,29740.2,168.0
2024-06-09,SKU0022,Home,57,363.91,20742.870000000003,439.0
2024-06-09,SKU0008,Electronics,86,362.82,31202.52,1.0
2024-06-09,SKU0047,Electronics,59,286.77,16919.43,486.0
2024-06-10,SKU0004,Food,17,458.06,7787.02,282.0
2024-06-11,SKU0001,Clothing,61,427.09,26052.489999999998,74.0
2024-06-11,SKU0045,Electronics,37,230.91,8543.67,278.0
2024-06-11,SKU0025,Home,52,137.28,7138.56,166.0
2024-06-11,SKU0034,Food,84,437.34,36736.56,119.0
2024-06-12,SKU0002,Electronics,92,416.81,38346.52,168.0
2024-06-12,SKU0029,Home,31,299.72,9291.320000000002,36.0
2024-06-12,SKU0015,Electronics,43,287.21,12350.029999999999,92.0
2024-06-12,SKU0039,Sports,4,42.58,170.32,205.0
2024-06-13,SKU0004,Sports,58,332.87,19306.46,223.0
2024-06-13,SKU0039,Sports,50,458.27,22913.5,256.0
2024-06-14,SKU0029,Electronics,42,53.81,2260.02,173.0
2024-06-14,SKU0001,Sports,70,347.32,24312.399999999998,306.0
2024-06-14,SKU0040,Electronics,22,370.86,8158.92,101.0
2024-06-15,SKU0021,Home,56,450.79,25244.24,115.0
2024-06-15,SKU0049,Clothing,95,143.43,13625.85,281.0
2024-06-15,SKU0009,Clothing,28,132.34,3705.52,428.0
2024-06-16,SKU0033,Food,25,96.43,2410.75,206.0
2024-06-16,SKU0032,Food,2,351.05,702.1,350.0
2024-06-16,SKU0040,Sports,96,252.79,24267.84,471.0
2024-06-17,SKU0044,Electronics,75,435.55,32666.25,236.0
2024-06-17,SKU0020,Electronics,49,35.2,1724.8000000000002,247.0
2024-06-17,SKU0033,Clothing,23,64.13,1474.9899999999998,233.0
2024-06-18,SKU0025,Food,51,28.13,1434.6299999999999,122.0
2024-06-18,SKU0042,Clothing,53,300.54,15928.62,222.0
2024-06-18,SKU0004,Home,52,295.86,15384.720000000001,118.0
2024-06-19,SKU0023,Food,11,119.98,1319.78,116.0
2024-06-19,SKU0040,Food,-17,319.59,-5433.03,80.0
2024-06-20,SKU0037,Clothing,96,94.12,9035.52,136.0
2024-06-20,SKU0012,Clothing,-16,43.24,-691.84,101.0
2024-06-20,SKU0048,Sports,83,200.75,16662.25,484.0
2024-06-20,SKU0015,Sports,28,84.74,2372.72,301.0
2024-06-20,SKU0030,Sports,35,395.31,13835.85,135.0
2024-06-20,SKU0004,Clothing,100,493.98,49398.0,496.0
2024-06-21,SKU0018,Electronics,3,366.81,1100.43,97.0
2024-06-21,SKU0022,Food,44,181.85,8001.4,257.0
2024-06-22,SKU0023,Clothing,77,90.49,6967.73,76.0
2024-06-23,SKU0003,Food,60,390.01,23400.6,391.0
2024-06-23,SKU0013,Sports,71,325.56,23114.76,226.0
2024-06-23,SKU0047,Electronics,77,312.29,24046.33,346.0
2024-06-23,SKU0039,Home,21,22.44,471.24,142.0
2024-06-23,SKU0023,Sports,95,217.82,20692.899999999998,478.0
2024-06-24,SKU0050,Sports,29,192.62,5585.9800000000005,23.0
2024-06-24,SKU0025,Food,26,403.4,10488.4,157.0
2024-06-25,SKU0015,Home,87,205.51,17879.37,30.0
2024-06-25,SKU0042,Sports,41,313.12,12837.92,467.0
2024-06-25,SKU0039,Sports,97,78.28,7593.16,226.0
2024-06-27,SKU0025,Clothing,87,166.36,14473.320000000002,96.0
2024-06-27,SKU0016,Home,47,399.07,18756.29,219.0
2024-06-28,SKU0034,Sports,-2,295.26,-590.52,54.0
2024-06-28,SKU0014,Electronics,61,307.29,18744.690000000002,411.0
2024-06-28,SKU0033,Clothing,1,198.11,198.11,397.0
2024-06-29,SKU0036,Sports,79,179.39,14171.81,240.0
2024-06-29,SKU0046,Clothing,90,95.21,8568.9,35.0
2024-06-29,SKU0023,Food,40,426.79,17071.600000000002,445.0
2024-12-02,SKU0003,Home,744,168.57,125416.08,337.0
2024-12-05,SKU0014,Food,0,218.83,0.0,398.0
2024-12-13,SKU0026,Sports,920,387.5,356500.0,140.0
2024-12-15,SKU0029,Clothing,941,20.84,19610.44,424.0
2024-12-18,SKU0005,Sports,0,90.18,0.0,
2024-12-18,SKU0022,Electronics,0,144.08,0.0,442.0
2024-12-22,SKU0026,Home,0,475.92,0.0,
2024-12-22,SKU0037,Electronics,0,228.49,0.0,289.0
2024-12-23,SKU0047,Home,0,399.46,0.0,
2024-12-26,SKU0046,Sports,0,50.37,0.0,
2024-12-26,SKU0016,Electronics,533,344.81,183783.73,4.0
2025-01-02,SKU0030,Clothing,0,118.18,0.0,
2025-01-04,SKU0016,Clothing,0,143.9,0.0,
2025-01-11,SKU0049,Home,0,349.9,0.0,
2025-01-12,SKU0012,Electronics,558,249.44,139187.52,202.0
2025-01-13,SKU0005,Food,0,343.44,0.0,
2025-01-19,SKU0028,Electronics,0,231.18,0.0,381.0
2025-01-23,SKU0012,Electronics,0,330.71,0.0,
2025-01-25,SKU0029,Food,0,498.59,0.0,351.0
2025-01-26,SKU0038,Food,2,387.84,775.68,96
2025-01-26,SKU0039,Clothing,22,316.01,6952.22,452
2025-01-26,SKU0015,Home,16,146.81,2348.96,377
2025-01-26,SKU0019,Home,109,66.48,7246.32,198
2025-01-26,SKU0032,Electronics,38,68.94,2619.72,180
2025-01-27,SKU0014,Sports,87,272.04,23667.48,88
2025-01-27,SKU0042,Sports,102,565.67,57698.34,199
2025-01-28,SKU0019,Home,14,87.2,1220.8,67
2025-01-28,SKU0003,Electronics,2,141.32,282.64,456
2025-01-28,SKU0049,Electronics,-17,393.45,-6688.65,60
2025-01-28,SKU0027,Food,118,249.09,29392.62,39
2025-01-29,SKU0037,Home,129,392.77,50667.33,463
2025-01-29,SKU0007,Clothing,1,35.51,35.51,486
2025-01-29,SKU0046,Food,255,311.69,79480.95,454
2025-01-29,SKU0029,Clothing,28,323.19,9049.32,2
2025-01-30,SKU0026,Food,0,84.02,0.0,
2025-01-30,SKU0038,Food,22,377.88,8313.36,53
2025-01-30,SKU0024,Sports,13,40.24,523.12,466
2025-01-30,SKU0029,Clothing,55,360.87,19847.85,321
2025-01-30,SKU0016,Clothing,150,130.83,19624.5,264
2025-01-30,SKU0029,Clothing,33,427.69,14113.77,436
2025-01-30,SKU0017,Food,39,290.99,11348.61,46
2025-01-31,SKU0025,Electronics,550,76.19,41904.5,384
2025-01-31,SKU0020,Home,20,282.7,5654.0,268
2025-01-31,SKU0035,Electronics,85,107.47,9134.95,215
2025-01-31,SKU0037,Home,19,319.44,6069.36,148
2025-01-31,SKU0028,Electronics,46,192.24,8843.04,131
2025-01-31,SKU0036,Sports,26,223.49,5810.74,326
2025-01-31,SKU0009,Electronics,5,406.01,2030.05,370
2025-02-01,SKU0049,Electronics,-16,268.55,-4296.8,487
2025-02-01,SKU0015,Home,50,264.03,13201.5,394
2025-02-01,SKU0008,Clothing,52,204.55,10636.6,473
2025-02-01,SKU0013,Food,179,356.15,63750.85,219
2025-02-02,SKU0028,Electronics,83,271.4,22526.2,8
2025-02-02,SKU0017,Food,-7,252.99,-1770.93,234
2025-02-02,SKU0029,Clothing,2,269.53,539.06,365
2025-02-03,SKU0034,Sports,63,258.81,16305.03,156
2025-02-03,SKU0028,Electronics,27,271.2,7322.4,395
2025-02-03,SKU0012,Electronics,42,275.38,11565.96,368
2025-02-03,SKU0035,Electronics,36,100.45,3616.2,418
2025-02-03,SKU0021,Home,100,493.34,49334.0,298
2025-02-04,SKU0023,Food,74,150.3,11122.2,219
2025-02-04,SKU0018,Electronics,11,206.39,2270.29,110
2025-02-04,SKU0028,Electronics,78,256.75,20026.5,120
2025-02-04,SKU0050,Sports,118,287.34,33906.12,454
2025-02-04,SKU0033,Home,13,171.58,2230.54,126
2025-02-04,SKU0014,Sports,69,209.79,14475.51,379
2025-02-04,SKU0014,Sports,66,344.16,22714.56,327
2025-02-05,SKU0006,Clothing,59,353.99,20885.41,425
2025-02-05,SKU0013,Food,61,410.54,25042.94,466
2025-02-05,SKU0007,Clothing,13,38.41,499.33,295
2025-02-05,SKU0039,Clothing,260,412.42,107229.2,152
2025-02-05,SKU0036,Sports,46,155.83,7168.18,98
2025-02-06,SKU0041,Electronics,111,254.24,28220.64,270
2025-02-06,SKU0011,Sports,18,103.23,1858.14,355
2025-02-06,SKU0036,Sports,82,199.16,16331.12,90
2025-02-07,SKU0038,Food,3,259.02,777.06,495
2025-02-07,SKU0029,Clothing,157,407.4,63961.8,113
2025-02-07,SKU0023,Food,-3,135.59,-406.77,27
2025-02-08,SKU0046,Food,82,305.81,25076.42,427
2025-02-08,SKU0049,Electronics,41,252.34,10345.94,72
2025-02-09,SKU0015,Home,34,252.0,8568.0,19
2025-02-09,SKU0010,Electronics,76,498.69,37900.44,219
2025-02-09,SKU0016,Clothing,62,112.09,6949.58,469
2025-02-09,SKU0043,Sports,200,405.55,81110.0,369
2025-02-09,SKU0034,Sports,72,232.47,16737.84,485
2025-02-09,SKU0021,Home,100,475.81,47581.0,155
2025-02-09,SKU0046,Food,86,348.2,29945.2,32
2025-02-09,SKU0031,Clothing,322,507.95,163559.9,233
2025-02-10,SKU0042,Sports,57,586.29,33418.53,17
2025-02-10,SKU0001,Food,28,451.77,12649.56,80
2025-02-10,SKU0009,Electronics,22,440.58,9692.76,459
2025-02-10,SKU0038,Food,46,307.04,14123.84,423
2025-02-10,SKU0002,Sports,114,225.58,25716.12,134
2025-02-11,SKU0048,Food,78,237.64,18535.92,13
2025-02-11,SKU0041,Electronics,86,196.19,16872.34,248
2025-02-11,SKU0033,Home,59,138.75,8186.25,289
2025-02-11,SKU0005,Food,45,294.56,13255.2,224
2025-02-11,SKU0028,Electronics,312,274.74,85718.88,378
2025-02-11,SKU0033,Home,31,157.6,4885.6,190
2025-02-11,SKU0026,Food,43,66.56,2862.08,290
2025-02-11,SKU0022,Food,35,450.62,15771.7,60
2025-02-11,SKU0044,Electronics,12,375.23,4502.76,288
2025-02-12,SKU0008,Clothing,74,187.39,13866.86,346
2025-02-13,SKU0004,Electronics,186,89.35,16619.1,21
2025-02-13,SKU0004,Electronics,153,95.44,14602.32,326
2025-02-13,SKU0009,Electronics,42,410.18,17227.56,214
2025-02-13,SKU0011,Sports,13,111.25,1446.25,175
2025-02-13,SKU0002,Sports,31,197.06,6108.86,250
2025-02-13,SKU0003,Electronics,39,111.66,4354.74,452
2025-02-13,SKU0023,Food,8,148.23,1185.84,182
2025-02-14,SKU0040,Sports,36,569.12,20488.32,388
2025-02-14,SKU0021,Home,223,451.69,100726.87,337
2025-02-14,SKU0023,Food,213,109.59,23342.67,455
2025-02-14,SKU0013,Food,221,263.34,58198.14,12
2025-02-14,SKU0024,Sports,149,32.68,4869.32,246
2025-02-14,SKU0038,Food,11,296.62,3262.82,463
2025-02-14,SKU0021,Home,82,357.68,29329.76,109
2025-02-15,SKU0036,Sports,84,206.97,17385.48,226
2025-02-15,SKU0003,Electronics,61,100.19,6111.59,265
2025-02-15,SKU0025,Electronics,117,82.85,9693.45,197
2025-02-15,SKU0026,Food,12,87.8,1053.6,287
2025-02-16,SKU0028,Electronics,18,235.72,4242.96,259
2025-02-16,SKU0005,Food,97,427.73,41489.81,164
2025-02-16,SKU0006,Clothing,105,555.38,58314.9,278
2025-02-16,SKU0035,Electronics,71,101.98,7240.58,251
2025-02-16,SKU0006,Clothing,238,451.33,107416.54,357
2025-02-16,SKU0017,Food,86,178.54,15354.44,267
2025-02-16,SKU0043,Sports,-8,334.29,-2674.32,354
2025-02-17,SKU0049,Electronics,69,330.1,22776.9,351
2025-02-17,SKU0026,Food,-4,67.82,-271.28,248
2025-02-17,SKU0025,Electronics,342,81.33,27814.86,239
2025-02-17,SKU0003,Electronics,65,179.34,11657.1,17
2025-02-17,SKU0037,Home,99,429.99,42569.01,306
2025-02-17,SKU0044,Electronics,189,314.48,59436.72,490
2025-02-18,SKU0035,Electronics,46,101.5,4669.0,476
2025-02-18,SKU0019,Home,67,114.46,7668.82,305
2025-02-18,SKU0046,Food,22,467.43,10283.46,168
2025-02-18,SKU0037,Home,91,299.27,27233.57,444
2025-02-18,SKU0030,Clothing,40,302.9,12116.0,11
2025-02-18,SKU0013,Food,20,393.33,7866.6,436
2025-02-19,SKU0047,Food,129,76.8,9907.2,223
2025-02-19,SKU0039,Clothing,84,294.73,24757.32,344
2025-02-19,SKU0044,Electronics,60,498.41,29904.6,276
2025-02-19,SKU0019,Home,29,117.04,3394.16,319
2025-02-19,SKU0047,Food,10,74.29,742.9,280
2025-02-19,SKU0009,Electronics,-4,258.88,-1035.52,261
2025-02-19,SKU0019,Home,105,111.24,11680.2,378
2025-02-20,SKU0011,Sports,34,97.52,3315.68,80
2025-02-20,SKU0022,Food,28,496.75,13909.0,438
2025-02-20,SKU0009,Electronics,122,326.07,39780.54,222
2025-02-21,SKU0050,Sports,193,236.21,45588.53,224
2025-02-21,SKU0024,Sports,74,34.23,2533.02,37
2025-02-21,SKU0015,Home,6,191.08,1146.48,187
2025-02-21,SKU0041,Electronics,46,332.57,15298.22,310
2025-02-21,SKU0040,Sports,106,550.7,58374.2,119
2025-02-21,SKU0014,Sports,26,193.92,5041.92,475
2025-02-21,SKU0013,Food,51,258.9,13203.9,153
2025-02-21,SKU0012,Electronics,41,235.57,9658.37,118
2025-02-21,SKU0019,Home,45,69.09,3109.05,364
2025-02-21,SKU0038,Food,16,364.1,5825.6,143
2025-02-22,SKU0025,Electronics,63,73.47,4628.61,206
2025-02-22,SKU0044,Electronics,261,434.21,113328.81,326
2025-02-22,SKU0030,Clothing,53,268.89,14251.17,356
2025-02-22,SKU0004,Electronics,364,59.79,21763.56,338
2025-02-22,SKU0046,Food,61,419.12,25566.32,436
2025-02-22,SKU0048,Food,11,365.33,4018.63,53
2025-02-22,SKU0044,Electronics,74,552.87,40912.38,7
2025-02-22,SKU0023,Food,-13,131.12,-1704.56,338
2025-02-22,SKU0001,Food,30,280.95,8428.5,91
2025-02-22,SKU0037,Home,-6,348.83,-2092.98,195
2025-02-22,SKU0041,Electronics,10,267.35,2673.5,397
2025-02-22,SKU0049,Electronics,74,302.92,22416.08,70
2025-02-22,SKU0031,Clothing,123,352.8,43394.4,428
2025-02-22,SKU0034,Sports,77,365.23,28122.71,84
2025-02-23,SKU0032,Electronics,103,115.13,11858.39,137
2025-02-23,SKU0019,Home,23,99.18,2281.14,61
2025-02-23,SKU0013,Food,56,288.8,16172.8,213
2025-02-23,SKU0047,Food,86,77.67,6679.62,341
2025-02-23,SKU0038,Food,49,291.01,14259.49,189
2025-02-23,SKU0030,Clothing,7,273.28,1912.96,60
2025-02-24,SKU0011,Sports,60,112.89,6773.4,29
2025-02-24,SKU0008,Clothing,9,134.44,1209.96,345
2025-02-24,SKU0009,Electronics,34,328.88,11181.92,68
2025-02-24,SKU0044,Electronics,226,313.53,70857.78,360
2025-02-24,SKU0047,Food,32,79.53,2544.96,124
2025-02-25,SKU0022,Food,73,481.7,35164.1,471
2025-02-25,SKU0011,Sports,8,126.0,1008.0,210
2025-02-25,SKU0037,Home,37,451.08,16689.96,209
2025-02-25,SKU0029,Clothing,124,358.43,44445.32,337
2025-02-25,SKU0042,Sports,201,546.43,109832.43,118
2025-02-26,SKU0017,Food,59,200.45,11826.55,46
2025-02-26,SKU0049,Electronics,42,268.73,11286.66,339
2025-02-26,SKU0009,Electronics,35,430.96,15083.6,76
2025-02-26,SKU0034,Sports,195,256.25,49968.75,329
2025-02-26,SKU0012,Electronics,35,297.09,10398.15,351
2025-02-26,SKU0034,Sports,292,245.23,71607.16,462
2025-02-27,SKU0041,Electronics,76,188.3,14310.8,112
2025-02-27,SKU0035,Electronics,28,107.09,2998.52,231
2025-02-27,SKU0024,Sports,48,25.12,1205.76,187
2025-02-27,SKU0021,Home,28,423.12,11847.36,253
2025-02-27,SKU0038,Food,7,406.47,2845.29,268
2025-02-27,SKU0020,Home,19,199.25,3785.75,330
2025-02-27,SKU0007,Clothing,6,61.54,369.24,203
2025-02-27,SKU0041,Electronics,16,253.23,4051.68,287
2025-02-27,SKU0017,Food,43,246.16,10584.88,466
2025-02-28,SKU0050,Sports,92,342.66,31524.72,161
2025-02-28,SKU0019,Home,101,99.26,10025.26,63
2025-02-28,SKU0026,Food,8,61.94,495.52,154
2025-02-28,SKU0015,Home,25,161.67,4041.75,98
2025-03-01,SKU0049,Electronics,59,271.4,16012.6,191
2025-03-01,SKU0019,Home,3,65.55,196.65,434
2025-03-01,SKU0019,Home,99,79.38,7858.62,3
2025-03-01,SKU0024,Sports,54,38.98,2104.92,177
2025-03-01,SKU0011,Sports,37,116.07,4294.59,64
2025-03-01,SKU0031,Clothing,127,524.82,66652.14,210
2025-03-01,SKU0033,Home,10,173.82,1738.2,91
2025-03-02,SKU0035,Electronics,4,139.64,558.56,345
2025-03-02,SKU0019,Home,107,67.99,7274.93,71
2025-03-02,SKU0041,Electronics,89,214.98,19133.22,239
2025-03-02,SKU0012,Electronics,9,317.55,2857.95,445
2025-03-02,SKU0042,Sports,83,360.36,29909.88,496
2025-03-03,SKU0032,Electronics,27,89.73,2422.71,52
2025-03-03,SKU0034,Sports,82,235.38,19301.16,334
2025-03-03,SKU0047,Food,63,60.59,3817.17,336
2025-03-04,SKU0023,Food,25,113.82,2845.5,367
2025-03-04,SKU0003,Electronics,14,121.47,1700.58,37
2025-03-04,SKU0028,Electronics,341,290.55,99077.55,351
2025-03-04,SKU0032,Electronics,24,90.03,2160.72,178
2025-03-05,SKU0042,Sports,51,558.8,28498.8,495
2025-03-05,SKU0048,Food,75,380.16,28512.0,296
2025-03-06,SKU0019,Home,107,71.92,7695.44,434
2025-03-06,SKU0024,Sports,14,30.49,426.86,91
2025-03-06,SKU0044,Electronics,23,395.52,9096.96,420
2025-03-06,SKU0030,Clothing,127,239.03,30356.81,254
2025-03-06,SKU0038,Food,15,365.41,5481.15,103
2025-03-06,SKU0047,Food,39,102.0,3978.0,221
2025-03-06,SKU0046,Food,20,401.94,8038.8,391
2025-03-06,SKU0031,Clothing,165,453.27,74789.55,207
2025-03-07,SKU0034,Sports,137,336.34,46078.58,392
2025-03-07,SKU0029,Clothing,62,404.73,25093.26,254
2025-03-07,SKU0045,Food,282,356.76,100606.32,64
2025-03-07,SKU0028,Electronics,123,289.99,35668.77,109
2025-03-07,SKU0012,Electronics,10,266.45,2664.5,444
2025-03-08,SKU0035,Electronics,90,78.65,7078.5,114
2025-03-08,SKU0006,Clothing,180,469.41,84493.8,319
2025-03-08,SKU0011,Sports,20,108.61,2172.2,495
2025-03-08,SKU0025,Electronics,137,86.02,11784.74,334
2025-03-08,SKU0013,Food,53,405.41,21486.73,474
2025-03-08,SKU0024,Sports,58,39.1,2267.8,500
2025-03-08,SKU0035,Electronics,43,129.82,5582.26,260
2025-03-09,SKU0018,Electronics,24,173.34,4160.16,279
2025-03-09,SKU0019,Home,104,67.41,7010.64,79
2025-03-09,SKU0040,Sports,66,481.98,31810.68,96
2025-03-09,SKU0021,Home,12,545.31,6543.72,499
2025-03-09,SKU0007,Clothing,30,60.95,1828.5,387
2025-03-09,SKU0020,Home,10,242.42,2424.2,191
2025-03-09,SKU0015,Home,66,204.18,13475.88,115
2025-03-09,SKU0036,Sports,94,171.74,16143.56,261
2025-03-09,SKU0011,Sports,15,111.65,1674.75,359
2025-03-09,SKU0025,Electronics,699,63.78,44582.22,21
2025-03-09,SKU0042,Sports,39,359.55,14022.45,447
2025-03-10,SKU0019,Home,43,93.38,4015.34,416
2025-03-10,SKU0030,Clothing,46,347.49,15984.54,85
2025-03-10,SKU0019,Home,93,74.5,6928.5,176
2025-03-10,SKU0015,Home,14,161.54,2261.56,379
2025-03-10,SKU0006,Clothing,90,532.22,47899.8,213
2025-03-10,SKU0012,Electronics,61,193.27,11789.47,299
2025-03-10,SKU0003,Electronics,68,147.2,10009.6,171
2025-03-10,SKU0016,Clothing,51,156.39,7975.89,393
2025-03-11,SKU0016,Clothing,66,131.61,8686.26,208
2025-03-11,SKU0035,Electronics,74,125.38,9278.12,218
2025-03-11,SKU0044,Electronics,5,399.41,1997.05,185
2025-03-11,SKU0043,Sports,76,304.07,23109.32,82
2025-03-13,SKU0035,Electronics,27,100.44,2711.88,439
2025-03-13,SKU0001,Food,46,459.46,21135.16,446
2025-03-13,SKU0029,Clothing,149,349.76,52114.24,283
2025-03-13,SKU0042,Sports,12,476.62,5719.44,32
2025-03-13,SKU0009,Electronics,38,302.18,11482.84,178
2025-03-13,SKU0042,Sports,54,343.69,18559.26,159
2025-03-13,SKU0018,Electronics,75,181.63,13622.25,480
2025-03-13,SKU0044,Electronics,81,461.64,37392.84,168
2025-03-13,SKU0029,Clothing,57,355.95,20289.15,119
2025-03-13,SKU0016,Clothing,27,144.93,3913.11,120
2025-03-14,SKU0036,Sports,63,216.92,13665.96,246
2025-03-14,SKU0018,Electronics,46,232.99,10717.54,435
2025-03-14,SKU0041,Electronics,62,279.14,17306.68,360
2025-03-14,SKU0049,Electronics,178,414.16,73720.48,139
2025-03-14,SKU0022,Food,116,428.28,49680.48,283
2025-03-14,SKU0027,Food,96,198.94,19098.24,108
2025-03-15,SKU0006,Clothing,48,421.4,20227.2,488
2025-03-15,SKU0026,Food,8,107.35,858.8,141
2025-03-15,SKU0008,Clothing,10,140.19,1401.9,303
2025-03-15,SKU0027,Food,50,236.1,11805.0,348
2025-03-15,SKU0029,Clothing,139,303.64,42205.96,259
2025-03-15,SKU0011,Sports,28,79.98,2239.44,152
2025-03-16,SKU0038,Food,15,304.35,4565.25,442
2025-03-16,SKU0017,Food,72,213.97,15405.84,480
2025-03-16,SKU0027,Food,68,169.48,11524.64,129
2025-03-16,SKU0001,Food,23,323.83,7448.09,28
2025-03-16,SKU0050,Sports,-20,278.27,-5565.4,266
2025-03-17,SKU0025,Electronics,661,61.92,40929.12,183
2025-03-17,SKU0001,Food,96,299.63,28764.48,496
2025-03-17,SKU0020,Home,8,283.64,2269.12,475
2025-03-17,SKU0001,Food,15,278.58,4178.7,465
2025-03-17,SKU0006,Clothing,12,436.71,5240.52,95
2025-03-17,SKU0027,Food,29,163.68,4746.72,371
2025-03-17,SKU0005,Food,671,342.47,229797.37,6
2025-03-17,SKU0050,Sports,61,343.87,20976.07,187
2025-03-17,SKU0042,Sports,18,527.65,9497.7,62
2025-03-18,SKU0037,Home,17,357.11,6070.87,477
2025-03-18,SKU0027,Food,-5,267.59,-1337.95,209
2025-03-18,SKU0005,Food,15,274.69,4120.35,23
2025-03-18,SKU0008,Clothing,68,208.92,14206.56,19
2025-03-18,SKU0026,Food,50,96.75,4837.5,179
2025-03-18,SKU0030,Clothing,163,310.46,50604.98,444
2025-03-18,SKU0038,Food,5,321.35,1606.75,214
2025-03-18,SKU0045,Food,304,474.03,144105.12,135
2025-03-18,SKU0012,Electronics,59,232.08,13692.72,390
2025-03-19,SKU0025,Electronics,605,77.0,46585.0,216
2025-03-19,SKU0034,Sports,89,273.99,24385.11,309
2025-03-19,SKU0048,Food,77,236.87,18238.99,306
2025-03-19,SKU0026,Food,166,64.94,10780.04,66
2025-03-19,SKU0040,Sports,3,392.11,1176.33,119
2025-03-19,SKU0020,Home,27,292.91,7908.57,434
2025-03-20,SKU0008,Clothing,90,203.3,18297.0,401
2025-03-20,SKU0022,Food,65,481.66,31307.9,172
2025-03-20,SKU0010,Electronics,21,341.41,7169.61,402
2025-03-20,SKU0015,Home,40,165.53,6621.2,301
2025-03-20,SKU0034,Sports,106,321.77,34107.62,53
2025-03-21,SKU0013,Food,90,306.26,27563.4,265
2025-03-21,SKU0026,Food,43,74.17,3189.31,430
2025-03-21,SKU0043,Sports,68,329.28,22391.04,425
2025-03-21,SKU0048,Food,85,291.79,24802.15,102
2025-03-21,SKU0012,Electronics,12,182.66,2191.92,360
2025-03-21,SKU0006,Clothing,187,455.62,85200.94,272
2025-03-21,SKU0006,Clothing,232,349.21,81016.72,232
2025-03-21,SKU0018,Electronics,84,208.33,17499.72,131
2025-03-22,SKU0012,Electronics,15,305.14,4577.1,102
2025-03-22,SKU0014,Sports,41,265.1,10869.1,223
2025-03-22,SKU0029,Clothing,13,378.92,4925.96,342
2025-03-22,SKU0035,Electronics,84,81.6,6854.4,441
2025-03-22,SKU0048,Food,65,258.13,16778.45,350
2025-03-23,SKU0013,Food,7,279.89,1959.23,122
2025-03-23,SKU0007,Clothing,2,52.21,104.42,305
2025-03-23,SKU0027,Food,48,261.17,12536.16,360
2025-03-23,SKU0020,Home,32,235.87,7547.84,96
2025-03-23,SKU0031,Clothing,20,374.49,7489.8,327
2025-03-23,SKU0006,Clothing,53,368.78,19545.34,445
2025-03-23,SKU0024,Sports,139,36.48,5070.72,292
2025-03-23,SKU0005,Food,103,357.27,36798.81,30
2025-03-23,SKU0030,Clothing,178,351.76,62613.28,256
2025-03-23,SKU0042,Sports,78,356.86,27835.08,384
2025-03-24,SKU0014,Sports,20,222.06,4441.2,337
2025-03-24,SKU0006,Clothing,32,452.87,14491.84,493
2025-03-24,SKU0041,Electronics,70,329.87,23090.9,435
2025-03-24,SKU0043,Sports,166,322.27,53496.82,489
2025-03-25,SKU0023,Food,20,152.16,3043.2,255
2025-03-25,SKU0047,Food,28,93.14,2607.92,220
2025-03-25,SKU0027,Food,45,215.99,9719.55,179
2025-03-25,SKU0028,Electronics,45,210.65,9479.25,416
2025-03-25,SKU0025,Electronics,583,60.55,35300.65,315
2025-03-25,SKU0043,Sports,17,424.87,7222.79,411
2025-03-25,SKU0007,Clothing,88,48.53,4270.64,67
2025-03-26,SKU0032,Electronics,-1,110.44,-110.44,125
2025-03-26,SKU0045,Food,226,323.06,73011.56,346
2025-03-26,SKU0039,Clothing,39,271.57,10591.23,243
2025-03-26,SKU0013,Food,50,242.22,12111.0,203
2025-03-26,SKU0035,Electronics,55,121.31,6672.05,87
2025-03-27,SKU0020,Home,15,302.87,4543.05,112
2025-03-27,SKU0013,Food,76,380.67,28930.92,352
2025-03-27,SKU0013,Food,55,397.6,21868.0,139
2025-03-27,SKU0016,Clothing,4,122.27,489.08,391
2025-03-27,SKU0033,Home,2,131.22,262.44,490
2025-03-27,SKU0012,Electronics,29,241.97,7017.13,235
2025-03-27,SKU0040,Sports,55,400.3,22016.5,1
2025-03-28,SKU0012,Electronics,17,180.69,3071.73,66
2025-03-28,SKU0017,Food,-2,271.77,-543.54,297
2025-03-28,SKU0013,Food,78,268.08,20910.24,475
2025-03-28,SKU0004,Electronics,67,85.78,5747.26,83
2025-03-28,SKU0038,Food,1,400.57,400.57,140
2025-03-29,SKU0024,Sports,102,36.51,3724.02,419
2025-03-29,SKU0049,Electronics,125,437.56,54695.0,192
2025-03-29,SKU0024,Sports,86,33.71,2899.06,349
2025-03-30,SKU0023,Food,34,110.52,3757.68,299
2025-03-30,SKU0040,Sports,116,341.5,39614.0,463
2025-03-30,SKU0027,Food,42,170.01,7140.42,478
2025-03-30,SKU0025,Electronics,609,48.33,29432.97,228
2025-03-30,SKU0003,Electronics,69,97.38,6719.22,280
2025-03-30,SKU0034,Sports,93,226.91,21102.63,43
2025-03-30,SKU0034,Sports,97,379.33,36795.01,160
2025-03-30,SKU0033,Home,62,215.73,13375.26,323
2025-03-30,SKU0021,Home,9,345.3,3107.7,168
2025-03-30,SKU0043,Sports,65,283.04,18397.6,115
2025-03-31,SKU0026,Food,22,92.07,2025.54,135
2025-03-31,SKU0020,Home,1,295.94,295.94,293
2025-03-31,SKU0037,Home,47,293.9,13813.3,196
2025-03-31,SKU0006,Clothing,88,478.41,42100.08,264
2025-03-31,SKU0050,Sports,58,215.79,12515.82,210
2025-03-31,SKU0027,Food,12,278.08,3336.96,261
2025-03-31,SKU0020,Home,7,234.99,1644.93,18
2025-04-01,SKU0002,Sports,87,262.38,22827.06,383
2025-04-01,SKU0038,Food,22,356.12,7834.64,467
2025-04-01,SKU0030,Clothing,42,279.0,11718.0,258
2025-04-01,SKU0043,Sports,320,452.88,144921.6,262
2025-04-01,SKU0016,Clothing,64,159.34,10197.76,217
2025-04-02,SKU0020,Home,29,312.13,9051.77,282
2025-04-02,SKU0041,Electronics,109,298.62,32549.58,444
2025-04-02,SKU0030,Clothing,22,278.3,6122.6,33
2025-04-02,SKU0035,Electronics,237,138.4,32800.8,225
2025-04-02,SKU0014,Sports,-14,282.43,-3954.02,267
2025-04-02,SKU0036,Sports,63,140.09,8825.67,202
2025-04-02,SKU0029,Clothing,162,343.51,55648.62,254
2025-04-02,SKU0041,Electronics,96,242.12,23243.52,398
2025-04-03,SKU0008,Clothing,72,170.59,12282.48,236
2025-04-03,SKU0011,Sports,1,82.65,82.65,4
2025-04-03,SKU0047,Food,29,68.66,1991.14,129
2025-04-03,SKU0034,Sports,120,350.68,42081.6,49
2025-04-04,SKU0045,Food,1032,335.59,346328.88,139
2025-04-04,SKU0023,Food,77,132.04,10167.08,162
2025-04-04,SKU0008,Clothing,15,176.26,2643.9,169
2025-04-04,SKU0035,Electronics,96,87.52,8401.92,212
2025-04-04,SKU0047,Food,149,110.67,16489.83,288
2025-04-04,SKU0045,Food,449,540.6,242729.4,286
2025-04-04,SKU0045,Food,336,350.78,117862.08,409
2025-04-04,SKU0014,Sports,36,284.55,10243.8,65
2025-04-04,SKU0033,Home,157,203.42,31936.94,421
2025-04-04,SKU0007,Clothing,4,61.59,246.36,320
2025-04-05,SKU0002,Sports,65,327.64,21296.6,334
2025-04-05,SKU0046,Food,90,314.32,28288.8,496
2025-04-05,SKU0035,Electronics,32,110.37,3531.84,207
2025-04-06,SKU0020,Home,3,183.78,551.34,158
2025-04-06,SKU0036,Sports,1,153.08,153.08,254
2025-04-06,SKU0049,Electronics,48,323.78,15541.44,320
2025-04-06,SKU0008,Clothing,58,194.42,11276.36,76
2025-04-06,SKU0047,Food,71,107.02,7598.42,254
2025-04-07,SKU0031,Clothing,89,524.16,46650.24,27
2025-04-07,SKU0033,Home,9,146.36,1317.24,85
2025-04-07,SKU0049,Electronics,33,393.22,12976.26,312
2025-04-07,SKU0021,Home,81,368.68,29863.08,39
2025-04-07,SKU0005,Food,615,274.53,168835.95,143
2025-04-07,SKU0044,Electronics,31,334.14,10358.34,267
2025-04-07,SKU0049,Electronics,14,318.07,4452.98,167
2025-04-07,SKU0048,Food,36,333.46,12004.56,486
2025-04-07,SKU0028,Electronics,-7,265.45,-1858.15,56
2025-04-07,SKU0015,Home,47,263.67,12392.49,439
2025-04-08,SKU0010,Electronics,-17,504.03,-8568.51,110
2025-04-08,SKU0028,Electronics,53,205.09,10869.77,266
2025-04-08,SKU0024,Sports,127,41.89,5320.03,277
2025-04-08,SKU0031,Clothing,201,386.22,77630.22,40
2025-04-08,SKU0045,Food,-5,335.96,-1679.8,255
2025-04-09,SKU0040,Sports,62,435.82,27020.84,292
2025-04-09,SKU0046,Food,100,301.85,30185.0,248
2025-04-09,SKU0021,Home,35,370.67,12973.45,324
2025-04-09,SKU0012,Electronics,28,284.32,7960.96,190
2025-04-10,SKU0039,Clothing,97,378.02,36667.94,277
2025-04-10,SKU0039,Clothing,70,291.7,20419.0,240
2025-04-10,SKU0005,Food,103,249.66,25714.98,350
2025-04-10,SKU0016,Clothing,109,159.47,17382.23,158
2025-04-10,SKU0014,Sports,64,347.77,22257.28,385
2025-04-10,SKU0027,Food,-15,262.41,-3936.15,195
2025-04-10,SKU0023,Food,95,150.78,14324.1,279
2025-04-10,SKU0013,Food,9,226.38,2037.42,43
2025-04-11,SKU0014,Sports,19,193.62,3678.78,66
2025-04-11,SKU0049,Electronics,12,327.97,3935.64,31
2025-04-12,SKU0005,Food,283,351.39,99443.37,390
2025-04-12,SKU0002,Sports,40,197.45,7898.0,237
2025-04-13,SKU0032,Electronics,55,89.73,4935.15,32
2025-04-13,SKU0005,Food,156,254.48,39698.88,407
2025-04-13,SKU0007,Clothing,31,55.39,1717.09,446
2025-04-13,SKU0007,Clothing,14,53.17,744.38,44
2025-04-13,SKU0050,Sports,38,278.0,10564.0,213
2025-04-13,SKU0023,Food,41,151.21,6199.61,58
2025-04-14,SKU0025,Electronics,952,84.36,80310.72,47
2025-04-14,SKU0022,Food,80,331.29,26503.2,414
2025-04-14,SKU0002,Sports,107,247.4,26471.8,125
2025-04-14,SKU0040,Sports,35,590.99,20684.65,5
2025-04-14,SKU0015,Home,39,189.66,7396.74,150
2025-04-15,SKU0038,Food,12,314.09,3769.08,432
2025-04-15,SKU0003,Electronics,7,109.73,768.11,396
2025-04-15,SKU0030,Clothing,52,261.63,13604.76,437
2025-04-16,SKU0036,Sports,35,192.07,6722.45,226
2025-04-16,SKU0049,Electronics,23,386.43,8887.89,406
2025-04-16,SKU0005,Food,220,334.48,73585.6,103
2025-04-16,SKU0018,Electronics,63,230.44,14517.72,332
2025-04-16,SKU0034,Sports,91,383.27,34877.57,342
2025-04-16,SKU0043,Sports,16,303.42,4854.72,30
2025-04-16,SKU0044,Electronics,34,439.83,14954.22,433
2025-04-16,SKU0009,Electronics,39,319.85,12474.15,436
2025-04-16,SKU0004,Electronics,346,72.6,25119.6,43
2025-04-16,SKU0033,Home,86,204.34,17573.24,469
2025-04-17,SKU0019,Home,12,92.94,1115.28,115
2025-04-17,SKU0017,Food,40,257.45,10298.0,353
2025-04-17,SKU0037,Home,18,309.64,5573.52,399
2025-04-17,SKU0016,Clothing,19,142.77,2712.63,376
2025-04-17,SKU0012,Electronics,-6,256.97,-1541.82,467
2025-04-17,SKU0035,Electronics,111,102.82,11413.02,401
2025-04-18,SKU0041,Electronics,85,250.22,21268.7,483
2025-04-18,SKU0011,Sports,-15,119.43,-1791.45,363
2025-04-18,SKU0045,Food,245,485.16,118864.2,58
2025-04-18,SKU0031,Clothing,275,395.76,108834.0,308
2025-04-18,SKU0042,Sports,164,537.92,88218.88,47
2025-04-18,SKU0008,Clothing,67,181.47,12158.49,476
2025-04-18,SKU0031,Clothing,147,444.5,65341.5,199
2025-04-19,SKU0016,Clothing,-11,168.72,-1855.92,400
2025-04-19,SKU0019,Home,-10,68.98,-689.8,294
2025-04-19,SKU0018,Electronics,24,177.08,4249.92,7
2025-04-19,SKU0017,Food,87,225.49,19617.63,217
2025-04-19,SKU0019,Home,8,81.09,648.72,278
2025-04-20,SKU0018,Electronics,31,174.77,5417.87,496
2025-04-20,SKU0006,Clothing,88,534.52,47037.76,105
2025-04-20,SKU0005,Food,69,290.61,20052.09,51
2025-04-20,SKU0043,Sports,100,385.24,38524.0,249
2025-04-21,SKU0034,Sports,57,306.85,17490.45,149
2025-04-21,SKU0050,Sports,228,325.41,74193.48,40
2025-04-21,SKU0015,Home,21,160.2,3364.2,53
2025-04-21,SKU0020,Home,26,287.11,7464.86,434
2025-04-21,SKU0017,Food,211,176.43,37226.73,280
2025-04-21,SKU0029,Clothing,52,291.25,15145.0,254
2025-04-21,SKU0046,Food,35,284.08,9942.8,306
2025-04-21,SKU0003,Electronics,177,131.5,23275.5,165
2025-04-21,SKU0014,Sports,25,255.66,6391.5,497
2025-04-22,SKU0038,Food,21,238.39,5006.19,317
2025-04-22,SKU0024,Sports,23,38.25,879.75,66
2025-04-22,SKU0028,Electronics,114,247.3,28192.2,319
2025-04-22,SKU0037,Home,26,320.66,8337.16,304
2025-04-22,SKU0040,Sports,23,357.93,8232.39,78
2025-04-23,SKU0009,Electronics,44,283.29,12464.76,349
2025-04-23,SKU0030,Clothing,89,330.61,29424.29,308
2025-04-24,SKU0009,Electronics,-15,258.57,-3878.55,352
2025-04-24,SKU0016,Clothing,46,115.6,5317.6,467
2025-04-24,SKU0020,Home,7,176.92,1238.44,233
2025-04-24,SKU0008,Clothing,55,143.09,7869.95,348
2025-04-25,SKU0029,Clothing,1,344.8,344.8,155
2025-04-25,SKU0045,Food,539,319.09,171989.51,58
2025-04-25,SKU0020,Home,4,268.35,1073.4,497
2025-04-25,SKU0009,Electronics,30,276.29,8288.7,118
2025-04-25,SKU0020,Home,-17,241.54,-4106.18,146
2025-04-25,SKU0023,Food,59,154.28,9102.52,161
2025-04-25,SKU0009,Electronics,9,339.17,3052.53,102
2025-04-25,SKU0041,Electronics,26,319.33,8302.58,11
2025-04-26,SKU0018,Electronics,79,183.93,14530.47,413
2025-04-26,SKU0003,Electronics,64,179.83,11509.12,95
2025-04-26,SKU0018,Electronics,74,127.29,9419.46,200
2025-04-26,SKU0035,Electronics,42,116.28,4883.76,428
2025-04-26,SKU0025,Electronics,753,50.1,37725.3,263
2025-04-26,SKU0022,Food,-12,451.59,-5419.08,145
2025-04-26,SKU0045,Food,-5,543.74,-2718.7,194
2025-04-27,SKU0045,Food,234,451.45,105639.3,466
2025-04-27,SKU0004,Electronics,79,88.16,6964.64,295
2025-04-27,SKU0009,Electronics,7,398.95,2792.65,392
2025-04-27,SKU0005,Food,103,254.71,26235.13,312
2025-04-27,SKU0043,Sports,8,500.07,4000.56,61
2025-04-27,SKU0029,Clothing,47,377.4,17737.8,357
2025-04-28,SKU0013,Food,83,250.52,20793.16,493
2025-04-28,SKU0013,Food,23,240.01,5520.23,160
2025-04-28,SKU0027,Food,73,273.74,19983.02,326
2025-04-28,SKU0002,Sports,49,340.95,16706.55,424
2025-04-28,SKU0027,Food,11,261.35,2874.85,495
2025-04-29,SKU0013,Food,8,410.37,3282.96,425
2025-04-29,SKU0025,Electronics,228,83.41,19017.48,181
2025-04-29,SKU0036,Sports,29,224.17,6500.93,384
2025-04-29,SKU0036,Sports,53,146.23,7750.19,225
2025-04-29,SKU0035,Electronics,77,126.67,9753.59,240
2025-04-30,SKU0027,Food,54,159.08,8590.32,278
2025-04-30,SKU0032,Electronics,30,103.27,3098.1,92
2025-04-30,SKU0048,Food,31,336.83,10441.73,164
2025-04-30,SKU0034,Sports,28,339.02,9492.56,222
2025-05-01,SKU0043,Sports,133,448.28,59621.24,136
2025-05-01,SKU0043,Sports,31,406.24,12593.44,134
2025-05-01,SKU0001,Food,16,379.4,6070.4,364
2025-05-01,SKU0012,Electronics,53,217.93,11550.29,423
2025-05-01,SKU0001,Food,111,384.99,42733.89,174
2025-05-01,SKU0049,Electronics,65,267.96,17417.4,485
2025-05-01,SKU0044,Electronics,201,378.36,76050.36,358
2025-05-02,SKU0036,Sports,28,188.82,5286.96,245
2025-05-02,SKU0042,Sports,8,489.89,3919.12,412
2025-05-02,SKU0030,Clothing,-20,233.06,-4661.2,315
2025-05-02,SKU0009,Electronics,54,323.03,17443.62,213
2025-05-02,SKU0048,Food,31,259.43,8042.33,223
2025-05-03,SKU0034,Sports,143,249.44,35669.92,388
2025-05-03,SKU0010,Electronics,62,359.57,22293.34,468
2025-05-03,SKU0049,Electronics,6,309.89,1859.34,474
2025-05-03,SKU0002,Sports,81,279.86,22668.66,485
2025-05-03,SKU0006,Clothing,99,399.65,39565.35,156
2025-05-03,SKU0019,Home,81,100.79,8163.99,352
2025-05-03,SKU0040,Sports,85,329.59,28015.15,461
2025-05-04,SKU0049,Electronics,38,254.61,9675.18,40
2025-05-04,SKU0032,Electronics,76,125.45,9534.2,432
2025-05-04,SKU0030,Clothing,50,215.16,10758.0,336
2025-05-04,SKU0040,Sports,113,394.15,44538.95,343
2025-05-04,SKU0039,Clothing,158,366.58,57919.64,64
2025-05-04,SKU0042,Sports,12,463.42,5561.04,442
2025-05-04,SKU0007,Clothing,36,51.22,1843.92,499
2025-05-05,SKU0040,Sports,4,380.72,1522.88,362
2025-05-05,SKU0004,Electronics,113,94.25,10650.25,236
2025-05-05,SKU0008,Clothing,68,138.72,9432.96,152
2025-05-05,SKU0006,Clothing,85,437.03,37147.55,156
2025-05-05,SKU0003,Electronics,90,162.11,14589.9,118
2025-05-05,SKU0027,Food,24,193.76,4650.24,160
2025-05-05,SKU0015,Home,61,242.08,14766.88,254
2025-05-06,SKU0018,Electronics,32,225.18,7205.76,77
2025-05-06,SKU0002,Sports,28,212.83,5959.24,234
2025-05-06,SKU0020,Home,33,227.25,7499.25,252
2025-05-06,SKU0010,Electronics,74,509.09,37672.66,52
2025-05-07,SKU0042,Sports,61,346.51,21137.11,312
2025-05-07,SKU0017,Food,83,213.84,17748.72,43
2025-05-07,SKU0047,Food,197,82.51,16254.47,433
2025-05-07,SKU0033,Home,51,153.06,7806.06,325
2025-05-07,SKU0018,Electronics,46,190.34,8755.64,65
2025-05-07,SKU0008,Clothing,3,230.04,690.12,20
2025-05-07,SKU0019,Home,50,67.69,3384.5,371
2025-05-07,SKU0044,Electronics,78,415.69,32423.82,146
2025-05-07,SKU0028,Electronics,138,292.48,40362.24,352
2025-05-08,SKU0014,Sports,83,216.06,17932.98,246
2025-05-08,SKU0050,Sports,45,295.05,13277.25,471
2025-05-08,SKU0012,Electronics,132,308.01,40657.32,248
2025-05-08,SKU0043,Sports,69,388.8,26827.2,288
2025-05-09,SKU0021,Home,35,388.89,13611.15,70
2025-05-09,SKU0046,Food,59,414.3,24443.7,254
2025-05-09,SKU0001,Food,44,322.16,14175.04,205
2025-05-09,SKU0022,Food,-9,353.88,-3184.92,337
2025-05-09,SKU0005,Food,4,440.22,1760.88,125
2025-05-09,SKU0044,Electronics,127,501.44,63682.88,260
2025-05-09,SKU0042,Sports,31,448.71,13910.01,472
2025-05-10,SKU0017,Food,61,170.97,10429.17,55
2025-05-11,SKU0037,Home,-20,265.6,-5312.0,344
2025-05-11,SKU0050,Sports,69,324.91,22418.79,143
2025-05-11,SKU0031,Clothing,-14,513.51,-7189.14,338
2025-05-11,SKU0014,Sports,87,228.84,19909.08,96
2025-05-11,SKU0044,Electronics,114,521.71,59474.94,43
2025-05-11,SKU0032,Electronics,117,84.41,9875.97,29
2025-05-11,SKU0019,Home,61,86.52,5277.72,81
2025-05-12,SKU0020,Home,11,200.34,2203.74,122
2025-05-12,SKU0041,Electronics,28,233.03,6524.84,479
2025-05-12,SKU0011,Sports,26,77.79,2022.54,475
2025-05-12,SKU0029,Clothing,86,430.19,36996.34,179
2025-05-12,SKU0029,Clothing,146,352.3,51435.8,321
2025-05-13,SKU0005,Food,36,404.78,14572.08,419
2025-05-13,SKU0044,Electronics,28,486.03,13608.84,368
2025-05-13,SKU0024,Sports,68,37.65,2560.2,386
2025-05-13,SKU0001,Food,30,303.75,9112.5,22
2025-05-13,SKU0005,Food,192,333.13,63960.96,71
2025-05-13,SKU0010,Electronics,22,438.17,9639.74,417
2025-05-13,SKU0021,Home,81,346.98,28105.38,309
2025-05-13,SKU0032,Electronics,328,70.78,23215.84,360
2025-05-14,SKU0047,Food,59,85.37,5036.83,73
2025-05-14,SKU0007,Clothing,10,61.81,618.1,82
2025-05-14,SKU0042,Sports,16,393.78,6300.48,338
2025-05-15,SKU0021,Home,74,351.34,25999.16,295
2025-05-15,SKU0017,Food,1,287.51,287.51,199
2025-05-15,SKU0036,Sports,9,130.48,1174.32,61
2025-05-16,SKU0042,Sports,68,499.06,33936.08,216
2025-05-16,SKU0027,Food,69,162.81,11233.89,197
2025-05-16,SKU0011,Sports,1,97.33,97.33,373
2025-05-16,SKU0043,Sports,16,351.67,5626.72,414
2025-05-17,SKU0011,Sports,5,73.56,367.8,277
2025-05-17,SKU0036,Sports,238,218.54,52012.52,148
2025-05-17,SKU0001,Food,16,271.84,4349.44,152
2025-05-17,SKU0011,Sports,29,108.36,3142.44,40
2025-05-17,SKU0049,Electronics,69,279.74,19302.06,2
2025-05-17,SKU0010,Electronics,70,600.89,42062.3,396
2025-05-18,SKU0033,Home,-11,159.79,-1757.69,342
2025-05-18,SKU0024,Sports,91,39.87,3628.17,478
2025-05-18,SKU0048,Food,-20,319.24,-6384.8,103
2025-05-18,SKU0023,Food,36,139.44,5019.84,27
2025-05-18,SKU0030,Clothing,22,352.52,7755.44,370
2025-05-18,SKU0037,Home,80,382.32,30585.6,188
2025-05-18,SKU0043,Sports,212,445.37,94418.44,74
2025-05-19,SKU0047,Food,53,71.32,3779.96,262
2025-05-19,SKU0025,Electronics,688,68.68,47251.84,183
2025-05-19,SKU0046,Food,103,349.19,35966.57,149
2025-05-19,SKU0014,Sports,-7,312.0,-2184.0,335
2025-05-19,SKU0042,Sports,51,354.1,18059.1,497
2025-05-19,SKU0011,Sports,1,125.38,125.38,213
2025-05-19,SKU0041,Electronics,227,252.51,57319.77,329
2025-05-20,SKU0046,Food,60,445.24,26714.4,344
2025-05-20,SKU0006,Clothing,41,374.2,15342.2,138
2025-05-20,SKU0027,Food,9,276.73,2490.57,449
2025-05-20,SKU0010,Electronics,43,570.76,24542.68,190
2025-05-20,SKU0023,Food,77,107.88,8306.76,242
2025-05-20,SKU0013,Food,18,337.9,6082.2,237
2025-05-20,SKU0043,Sports,91,343.55,31263.05,393
2025-05-21,SKU0028,Electronics,73,293.25,21407.25,433
2025-05-21,SKU0046,Food,100,359.16,35916.0,246
2025-05-21,SKU0006,Clothing,88,401.82,35360.16,216
2025-05-21,SKU0033,Home,29,117.32,3402.28,193
2025-05-22,SKU0018,Electronics,68,132.69,9022.92,322
2025-05-22,SKU0028,Electronics,48,238.54,11449.92,348
2025-05-22,SKU0032,Electronics,337,109.65,36952.05,11
2025-05-22,SKU0026,Food,53,99.23,5259.19,459
2025-05-22,SKU0030,Clothing,70,230.74,16151.8,102
2025-05-22,SKU0018,Electronics,67,208.7,13982.9,300
2025-05-23,SKU0014,Sports,25,325.92,8148.0,317
2025-05-23,SKU0007,Clothing,31,58.99,1828.69,345
2025-05-23,SKU0005,Food,52,401.78,20892.56,109
2025-05-23,SKU0006,Clothing,69,417.61,28815.09,4
2025-05-23,SKU0030,Clothing,72,338.85,24397.2,221
2025-05-23,SKU0044,Electronics,33,497.64,16422.12,67
2025-05-23,SKU0023,Food,95,128.9,12245.5,393
2025-05-23,SKU0019,Home,188,97.53,18335.64,208
2025-05-24,SKU0015,Home,69,232.8,16063.2,486
2025-05-24,SKU0046,Food,72,397.08,28589.76,223
2025-05-24,SKU0032,Electronics,67,75.87,5083.29,467
2025-05-24,SKU0027,Food,44,233.35,10267.4,335
2025-05-24,SKU0050,Sports,99,325.25,32199.75,367
2025-05-25,SKU0030,Clothing,47,277.69,13051.43,83
2025-05-25,SKU0018,Electronics,42,189.85,7973.7,121
2025-05-25,SKU0037,Home,279,252.18,70358.22,9
2025-05-25,SKU0017,Food,-15,209.22,-3138.3,376
2025-05-25,SKU0045,Food,85,474.3,40315.5,150
2025-05-25,SKU0008,Clothing,30,189.14,5674.2,10
2025-05-25,SKU0032,Electronics,29,82.55,2393.95,45
2025-05-26,SKU0017,Food,32,178.77,5720.64,296
2025-05-26,SKU0046,Food,132,273.1,36049.2,427
2025-05-26,SKU0034,Sports,115,288.01,33121.15,45
2025-05-26,SKU0038,Food,3,270.17,810.51,107
2025-05-26,SKU0019,Home,57,74.52,4247.64,323
2025-05-26,SKU0017,Food,49,192.49,9432.01,292
2025-05-26,SKU0035,Electronics,3,109.54,328.62,31
2025-05-27,SKU0039,Clothing,48,389.25,18684.0,10
2025-05-27,SKU0033,Home,47,163.33,7676.51,94
2025-05-27,SKU0015,Home,17,148.93,2531.81,225
2025-05-27,SKU0008,Clothing,7,214.13,1498.91,216
2025-05-28,SKU0045,Food,308,408.97,125962.76,234
2025-05-28,SKU0024,Sports,106,30.69,3253.14,22
2025-05-28,SKU0029,Clothing,36,367.65,13235.4,228
2025-05-28,SKU0016,Clothing,-6,146.41,-878.46,367
2025-05-28,SKU0047,Food,-10,110.98,-1109.8,82
2025-05-28,SKU0040,Sports,208,363.05,75514.4,305
2025-05-29,SKU0031,Clothing,115,455.39,52369.85,405
2025-05-29,SKU0032,Electronics,119,84.96,10110.24,468
2025-05-30,SKU0023,Food,118,123.67,14593.06,306
2025-05-30,SKU0031,Clothing,62,490.96,30439.52,282
2025-05-30,SKU0003,Electronics,18,107.59,1936.62,322
2025-05-30,SKU0037,Home,88,300.24,26421.12,473
2025-05-30,SKU0026,Food,189,98.99,18709.11,299
2025-05-30,SKU0029,Clothing,295,247.52,73018.4,151
2025-05-30,SKU0050,Sports,86,281.07,24172.02,127
2025-05-31,SKU0034,Sports,300,370.49,111147.0,311
2025-05-31,SKU0047,Food,71,74.91,5318.61,245
2025-05-31,SKU0022,Food,44,304.35,13391.4,276
2025-06-01,SKU0002,Sports,31,331.61,10279.91,64
2025-06-01,SKU0033,Home,39,171.98,6707.22,394
2025-06-01,SKU0025,Electronics,84,77.56,6515.04,269
2025-06-01,SKU0049,Electronics,49,255.43,12516.07,364
2025-06-01,SKU0027,Food,96,189.58,18199.68,80
2025-06-01,SKU0013,Food,176,320.3,56372.8,13
2025-06-01,SKU0038,Food,4,378.55,1514.2,358
2025-06-02,SKU0046,Food,97,330.53,32061.41,136
2025-06-02,SKU0009,Electronics,19,368.09,6993.71,398
2025-06-02,SKU0004,Electronics,5,106.02,530.1,215
2025-06-02,SKU0004,Electronics,122,82.68,10086.96,263
2025-06-02,SKU0019,Home,101,65.63,6628.63,150
2025-06-02,SKU0025,Electronics,188,71.67,13473.96,224
2025-06-03,SKU0025,Electronics,698,77.6,54164.8,429
2025-06-03,SKU0044,Electronics,51,493.28,25157.28,234
2025-06-03,SKU0006,Clothing,102,491.47,50129.94,83
2025-06-03,SKU0025,Electronics,648,62.44,40461.12,108
2025-06-03,SKU0044,Electronics,88,333.07,29310.16,426
2025-06-03,SKU0015,Home,157,231.29,36312.53,383
2025-06-03,SKU0030,Clothing,90,317.14,28542.6,198
2025-06-04,SKU0025,Electronics,438,69.71,30532.98,328
2025-06-05,SKU0035,Electronics,322,133.0,42826.0,171
2025-06-05,SKU0022,Food,80,301.61,24128.8,138
2025-06-05,SKU0011,Sports,8,74.08,592.64,379
2025-06-06,SKU0013,Food,92,295.44,27180.48,58
2025-06-06,SKU0021,Home,-17,511.37,-8693.29,420
2025-06-06,SKU0036,Sports,65,129.34,8407.1,152
2025-06-07,SKU0036,Sports,99,152.18,15065.82,398
2025-06-07,SKU0010,Electronics,87,559.4,48667.8,197
2025-06-07,SKU0007,Clothing,28,46.37,1298.36,161
2025-06-07,SKU0009,Electronics,10,343.53,3435.3,355
2025-06-07,SKU0030,Clothing,154,215.71,33219.34,397
2025-06-07,SKU0024,Sports,71,40.05,2843.55,98
2025-06-08,SKU0049,Electronics,37,332.2,12291.4,355
2025-06-08,SKU0009,Electronics,27,437.59,11814.93,151
2025-06-08,SKU0006,Clothing,107,553.44,59218.08,376
2025-06-08,SKU0011,Sports,31,86.68,2687.08,27
2025-06-08,SKU0021,Home,36,430.12,15484.32,348
2025-06-08,SKU0004,Electronics,66,78.0,5148.0,176
2025-06-08,SKU0042,Sports,-5,427.72,-2138.6,176
2025-06-08,SKU0032,Electronics,13,95.59,1242.67,75
2025-06-08,SKU0004,Electronics,9,69.02,621.18,340
2025-06-09,SKU0032,Electronics,99,89.02,8812.98,476
2025-06-09,SKU0044,Electronics,88,379.96,33436.48,38
2025-06-09,SKU0029,Clothing,100,262.59,26259.0,158
2025-06-09,SKU0021,Home,-17,414.85,-7052.45,194
2025-06-09,SKU0043,Sports,91,423.92,38576.72,392
2025-06-09,SKU0031,Clothing,-20,559.55,-11191.0,219
2025-06-09,SKU0044,Electronics,95,466.3,44298.5,298
2025-06-10,SKU0003,Electronics,49,157.6,7722.4,40
2025-06-10,SKU0026,Food,34,71.25,2422.5,382
2025-06-10,SKU0023,Food,94,104.52,9824.88,401
2025-06-10,SKU0008,Clothing,7,178.47,1249.29,47
2025-06-10,SKU0018,Electronics,6,166.94,1001.64,205
2025-06-10,SKU0004,Electronics,133,71.55,9516.15,464
2025-06-10,SKU0050,Sports,108,229.98,24837.84,316
2025-06-10,SKU0027,Food,41,190.62,7815.42,377
2025-06-10,SKU0011,Sports,29,98.83,2866.07,352
2025-06-11,SKU0013,Food,203,347.78,70599.34,80
2025-06-11,SKU0048,Food,40,253.99,10159.6,471
2025-06-11,SKU0005,Food,434,291.5,126511.0,484
2025-06-11,SKU0021,Home,8,536.34,4290.72,391
2025-06-11,SKU0036,Sports,88,210.12,18490.56,128
2025-06-11,SKU0014,Sports,30,287.03,8610.9,118
2025-06-11,SKU0040,Sports,111,522.44,57990.84,438
2025-06-11,SKU0036,Sports,102,228.39,23295.78,21
2025-06-11,SKU0043,Sports,110,395.5,43505.0,172
2025-06-11,SKU0039,Clothing,48,424.4,20371.2,362
2025-06-12,SKU0012,Electronics,56,275.43,15424.08,37
2025-06-12,SKU0006,Clothing,74,527.6,39042.4,66
2025-06-12,SKU0024,Sports,25,24.33,608.25,43
2025-06-12,SKU0007,Clothing,44,40.4,1777.6,148
2025-06-12,SKU0030,Clothing,57,387.06,22062.42,82
2025-06-12,SKU0009,Electronics,35,267.74,9370.9,121
2025-06-13,SKU0020,Home,21,269.72,5664.12,431
2025-06-13,SKU0038,Food,4,384.55,1538.2,9
2025-06-13,SKU0033,Home,75,196.34,14725.5,200
2025-06-13,SKU0002,Sports,-19,248.4,-4719.6,30
2025-06-13,SKU0014,Sports,-11,209.55,-2305.05,484
2025-06-13,SKU0030,Clothing,43,228.19,9812.17,14
2025-06-14,SKU0008,Clothing,6,184.02,1104.12,455
2025-06-15,SKU0011,Sports,20,72.56,1451.2,236
2025-06-15,SKU0020,Home,5,312.16,1560.8,343
2025-06-15,SKU0039,Clothing,95,350.77,33323.15,466
2025-06-15,SKU0010,Electronics,23,400.46,9210.58,192
2025-06-15,SKU0041,Electronics,90,268.52,24166.8,107
2025-06-15,SKU0042,Sports,48,559.79,26869.92,283
2025-06-15,SKU0020,Home,8,264.64,2117.12,59
2025-06-16,SKU0045,Food,668,477.11,318709.48,152
2025-06-16,SKU0039,Clothing,63,250.36,15772.68,256
2025-06-16,SKU0043,Sports,330,521.18,171989.4,185
2025-06-17,SKU0028,Electronics,138,250.8,34610.4,169
2025-06-17,SKU0016,Clothing,63,178.24,11229.12,496
2025-06-17,SKU0039,Clothing,49,340.64,16691.36,206
2025-06-17,SKU0045,Food,264,340.07,89778.48,7
2025-06-17,SKU0042,Sports,116,562.83,65288.28,250
2025-06-17,SKU0042,Sports,40,445.0,17800.0,10
2025-06-17,SKU0047,Food,4,64.32,257.28,292
2025-06-18,SKU0014,Sports,2,309.24,618.48,264
2025-06-18,SKU0017,Food,26,212.83,5533.58,303
2025-06-18,SKU0005,Food,-20,422.45,-8449.0,315
2025-06-18,SKU0039,Clothing,46,402.05,18494.3,392
2025-06-18,SKU0026,Food,54,64.42,3478.68,87
2025-06-18,SKU0010,Electronics,34,427.7,14541.8,313
2025-06-18,SKU0027,Food,229,228.93,52424.97,228
2025-06-18,SKU0026,Food,63,101.74,6409.62,107
2025-06-19,SKU0014,Sports,88,228.02,20065.76,324
2025-06-19,SKU0018,Electronics,85,159.62,13567.7,250
2025-06-19,SKU0012,Electronics,39,235.79,9195.81,26
2025-06-19,SKU0013,Food,21,297.93,6256.53,418
2025-06-19,SKU0002,Sports,51,206.82,10547.82,448
2025-06-19,SKU0028,Electronics,93,172.41,16034.13,472
2025-06-20,SKU0035,Electronics,14,109.11,1527.54,129
2025-06-20,SKU0045,Food,-3,355.91,-1067.73,29
2025-06-20,SKU0007,Clothing,31,55.48,1719.88,354
2025-06-20,SKU0006,Clothing,17,324.78,5521.26,428
2025-06-20,SKU0025,Electronics,1543,86.71,133793.53,302
2025-06-21,SKU0050,Sports,84,263.04,22095.36,164
2025-06-21,SKU0044,Electronics,21,375.89,7893.69,70
2025-06-21,SKU0047,Food,74,62.82,4648.68,118
2025-06-21,SKU0035,Electronics,126,112.85,14219.1,484
2025-06-21,SKU0023,Food,118,95.97,11324.46,27
2025-06-21,SKU0028,Electronics,128,283.25,36256.0,338
2025-06-21,SKU0017,Food,88,218.95,19267.6,66
2025-06-22,SKU0005,Food,207,266.03,55068.21,482
2025-06-22,SKU0014,Sports,221,244.88,54118.48,108
2025-06-22,SKU0049,Electronics,41,282.98,11602.18,245
2025-06-22,SKU0031,Clothing,100,507.62,50762.0,213
2025-06-22,SKU0036,Sports,43,128.12,5509.16,175
2025-06-23,SKU0003,Electronics,14,97.73,1368.22,475
2025-06-23,SKU0004,Electronics,30,100.55,3016.5,48
2025-06-23,SKU0017,Food,61,182.68,11143.48,292
2025-06-23,SKU0047,Food,50,70.2,3510.0,338
2025-06-23,SKU0040,Sports,132,463.23,61146.36,99
2025-06-24,SKU0008,Clothing,62,201.86,12515.32,241
2025-06-24,SKU0049,Electronics,35,295.38,10338.3,454
2025-06-24,SKU0047,Food,66,79.59,5252.94,500
2025-06-24,SKU0012,Electronics,14,266.74,3734.36,348
2025-06-24,SKU0005,Food,34,368.36,12524.24,96
2025-06-24,SKU0004,Electronics,38,109.16,4148.08,29
2025-06-24,SKU0003,Electronics,36,150.11,5403.96,474
2025-06-25,SKU0023,Food,102,120.38,12278.76,359
2025-06-25,SKU0006,Clothing,38,335.67,12755.46,156
2025-06-25,SKU0030,Clothing,72,293.96,21165.12,390
2025-06-25,SKU0021,Home,24,504.08,12097.92,278
2025-06-25,SKU0039,Clothing,7,312.61,2188.27,0
2025-06-25,SKU0038,Food,18,317.08,5707.44,175
2025-06-25,SKU0024,Sports,86,39.54,3400.44,4
2025-06-26,SKU0031,Clothing,102,405.26,41336.52,140
2025-06-26,SKU0006,Clothing,17,506.22,8605.74,402
2025-06-26,SKU0005,Food,22,347.32,7641.04,238
2025-06-27,SKU0023,Food,232,89.24,20703.68,212
2025-06-27,SKU0044,Electronics,126,329.95,41573.7,78
2025-06-27,SKU0043,Sports,80,474.58,37966.4,462
2025-06-27,SKU0024,Sports,61,37.7,2299.7,412
2025-06-28,SKU0011,Sports,35,89.19,3121.65,250
2025-06-28,SKU0032,Electronics,71,79.99,5679.29,470
2025-06-28,SKU0006,Clothing,9,406.01,3654.09,388
2025-06-28,SKU0007,Clothing,86,44.6,3835.6,466
2025-06-29,SKU0042,Sports,53,626.16,33186.48,153
2025-06-29,SKU0014,Sports,57,207.47,11825.79,195
2025-06-29,SKU0015,Home,64,257.35,16470.4,393
2025-06-29,SKU0011,Sports,30,87.26,2617.8,114
2025-06-29,SKU0019,Home,90,90.3,8127.0,255
2025-06-30,SKU0034,Sports,339,382.76,129755.64,213
2025-06-30,SKU0018,Electronics,81,212.61,17221.41,242
2025-06-30,SKU0017,Food,83,169.78,14091.74,46
2025-06-30,SKU0035,Electronics,86,142.91,12290.26,33
2025-06-30,SKU0048,Food,94,360.34,33871.96,438
2025-06-30,SKU0018,Electronics,2,208.0,416.0,423
2025-07-01,SKU0023,Food,62,104.37,6470.94,36
2025-07-01,SKU0049,Electronics,35,287.11,10048.85,498
2025-07-02,SKU0004,Electronics,11,105.52,1160.72,460
2025-07-02,SKU0045,Food,478,399.51,190965.78,50
2025-07-02,SKU0030,Clothing,54,246.28,13299.12,251
2025-07-02,SKU0023,Food,160,103.06,16489.6,413
2025-07-02,SKU0007,Clothing,56,55.04,3082.24,92
2025-07-03,SKU0038,Food,10,300.03,3000.3,283
2025-07-03,SKU0016,Clothing,99,136.51,13514.49,308
2025-07-03,SKU0022,Food,78,504.48,39349.44,96
2025-07-04,SKU0006,Clothing,96,350.49,33647.04,479
2025-07-05,SKU0047,Food,4,74.07,296.28,376
2025-07-05,SKU0004,Electronics,352,104.6,36819.2,416
2025-07-05,SKU0017,Food,77,247.08,19025.16,274
2025-07-05,SKU0015,Home,64,201.31,12883.84,390
2025-07-05,SKU0034,Sports,205,319.12,65419.6,483
2025-07-06,SKU0036,Sports,-20,226.29,-4525.8,288
2025-07-06,SKU0005,Food,5,368.05,1840.25,248
2025-07-06,SKU0009,Electronics,24,449.4,10785.6,211
2025-07-07,SKU0010,Electronics,49,459.17,22499.33,197
2025-07-07,SKU0026,Food,54,78.32,4229.28,187
2025-07-07,SKU0016,Clothing,46,154.37,7101.02,114
2025-07-07,SKU0019,Home,39,93.99,3665.61,470
2025-07-07,SKU0028,Electronics,42,182.35,7658.7,273
2025-07-07,SKU0013,Food,36,348.45,12544.2,443
2025-07-07,SKU0012,Electronics,70,213.1,14917.0,277
2025-07-07,SKU0025,Electronics,771,85.26,65735.46,362
2025-07-08,SKU0030,Clothing,19,360.1,6841.9,70
2025-07-08,SKU0018,Electronics,52,234.72,12205.44,66
2025-07-08,SKU0007,Clothing,18,63.47,1142.46,77
2025-07-08,SKU0033,Home,37,130.45,4826.65,293
2025-07-08,SKU0024,Sports,98,23.73,2325.54,31
2025-07-09,SKU0013,Food,84,278.92,23429.28,183
2025-07-09,SKU0044,Electronics,126,503.88,63488.88,72
2025-07-09,SKU0036,Sports,87,215.26,18727.62,2
2025-07-09,SKU0048,Food,3,248.66,745.98,95
2025-07-09,SKU0016,Clothing,-16,132.55,-2120.8,35
2025-07-10,SKU0044,Electronics,249,521.98,129973.02,124
2025-07-10,SKU0015,Home,66,263.49,17390.34,422
2025-07-10,SKU0039,Clothing,19,241.92,4596.48,396
2025-07-10,SKU0045,Food,841,347.77,292474.57,195
2025-07-10,SKU0006,Clothing,39,527.2,20560.8,138
2025-07-10,SKU0031,Clothing,99,433.62,42928.38,362
2025-07-11,SKU0016,Clothing,34,136.27,4633.18,174
2025-07-11,SKU0039,Clothing,19,297.17,5646.23,125
2025-07-11,SKU0013,Food,7,405.59,2839.13,79
2025-07-11,SKU0012,Electronics,50,176.45,8822.5,43
2025-07-11,SKU0002,Sports,111,268.51,29804.61,250
2025-07-11,SKU0004,Electronics,141,90.9,12816.9,134
2025-07-11,SKU0025,Electronics,458,67.7,31006.6,455
2025-07-11,SKU0023,Food,148,119.08,17623.84,179
2025-07-11,SKU0015,Home,18,264.19,4755.42,164
2025-07-11,SKU0034,Sports,105,348.37,36578.85,198
2025-07-11,SKU0007,Clothing,33,48.25,1592.25,22
2025-07-11,SKU0033,Home,51,136.67,6970.17,79
2025-07-12,SKU0024,Sports,41,37.39,1532.99,255
2025-07-12,SKU0048,Food,58,339.54,19693.32,251
2025-07-12,SKU0006,Clothing,26,428.28,11135.28,69
2025-07-12,SKU0042,Sports,46,365.94,16833.24,202
2025-07-12,SKU0012,Electronics,17,289.3,4918.1,340
2025-07-13,SKU0019,Home,34,94.65,3218.1,334
2025-07-13,SKU0019,Home,4,66.53,266.12,245
2025-07-13,SKU0024,Sports,78,42.16,3288.48,47
2025-07-14,SKU0029,Clothing,77,294.11,22646.47,259
2025-07-14,SKU0001,Food,74,272.59,20171.66,261
2025-07-14,SKU0015,Home,22,149.12,3280.64,473
2025-07-14,SKU0041,Electronics,97,242.16,23489.52,316
2025-07-14,SKU0035,Electronics,79,108.06,8536.74,249
2025-07-14,SKU0050,Sports,70,314.13,21989.1,267
2025-07-14,SKU0010,Electronics,1,431.99,431.99,185
2025-07-14,SKU0030,Clothing,52,210.0,10920.0,371
2025-07-15,SKU0044,Electronics,53,563.29,29854.37,35
2025-07-15,SKU0049,Electronics,13,327.28,4254.64,422
2025-07-15,SKU0002,Sports,96,304.48,29230.08,417
2025-07-15,SKU0026,Food,25,94.85,2371.25,2
2025-07-15,SKU0042,Sports,29,580.25,16827.25,358
2025-07-16,SKU0034,Sports,80,351.67,28133.6,115
2025-07-16,SKU0040,Sports,135,442.67,59760.45,252
2025-07-16,SKU0046,Food,95,445.88,42358.6,372
2025-07-16,SKU0024,Sports,42,40.36,1695.12,444
2025-07-16,SKU0044,Electronics,54,445.91,24079.14,385
2025-07-16,SKU0019,Home,88,69.17,6086.96,282
2025-07-17,SKU0040,Sports,45,473.65,21314.25,312
2025-07-17,SKU0019,Home,110,79.96,8795.6,356
2025-07-18,SKU0030,Clothing,58,254.09,14737.22,71
2025-07-18,SKU0028,Electronics,103,162.67,16755.01,35
2025-07-18,SKU0032,Electronics,131,86.83,11374.73,324
2025-07-18,SKU0047,Food,60,68.76,4125.6,356
2025-07-18,SKU0023,Food,68,93.48,6356.64,221
2025-07-18,SKU0006,Clothing,56,414.76,23226.56,31
2025-07-18,SKU0049,Electronics,205,257.79,52846.95,417
2025-07-19,SKU0010,Electronics,15,492.56,7388.4,293
2025-07-19,SKU0005,Food,185,402.24,74414.4,319
2025-07-20,SKU0049,Electronics,6,257.66,1545.96,126
2025-07-20,SKU0047,Food,32,65.39,2092.48,264
2025-07-20,SKU0015,Home,17,265.7,4516.9,244
2025-07-20,SKU0022,Food,10,505.14,5051.4,280
2025-07-20,SKU0016,Clothing,59,105.49,6223.91,139
2025-07-20,SKU0031,Clothing,121,546.37,66110.77,11
2025-07-20,SKU0032,Electronics,44,118.87,5230.28,295
2025-07-20,SKU0010,Electronics,5,438.55,2192.75,5
2025-07-21,SKU0026,Food,82,103.07,8451.74,300
2025-07-21,SKU0013,Food,37,379.27,14032.99,489
2025-07-21,SKU0047,Food,41,94.19,3861.79,356
2025-07-21,SKU0048,Food,11,311.0,3421.0,59
2025-07-21,SKU0013,Food,85,360.2,30617.0,60
2025-07-21,SKU0002,Sports,26,354.31,9212.06,402
2025-07-22,SKU0049,Electronics,39,253.66,9892.74,435
2025-07-22,SKU0042,Sports,15,419.59,6293.85,16
2025-07-22,SKU0027,Food,34,216.93,7375.62,85
2025-07-22,SKU0033,Home,59,138.9,8195.1,476
2025-07-22,SKU0004,Electronics,112,82.51,9241.12,34
2025-07-23,SKU0037,Home,21,428.69,9002.49,224
2025-07-23,SKU0009,Electronics,18,437.37,7872.66,147
2025-07-23,SKU0015,Home,68,165.86,11278.48,65
2025-07-23,SKU0006,Clothing,107,502.23,53738.61,306
2025-07-23,SKU0034,Sports,44,242.77,10681.88,383
2025-07-23,SKU0008,Clothing,48,202.26,9708.48,356
2025-07-23,SKU0004,Electronics,36,102.96,3706.56,150
2025-07-24,SKU0049,Electronics,79,365.98,28912.42,71
2025-07-24,SKU0018,Electronics,13,147.37,1915.81,220
2025-07-25,SKU0022,Food,24,321.24,7709.76,469
2025-07-25,SKU0028,Electronics,2,229.36,458.72,256
2025-07-25,SKU0040,Sports,-20,397.58,-7951.6,383
2025-07-25,SKU0040,Sports,42,443.1,18610.2,364
2025-07-25,SKU0039,Clothing,48,323.5,15528.0,496
2025-07-26,SKU0038,Food,2,401.51,803.02,495
2025-07-26,SKU0033,Home,197,195.6,38533.2,235
2025-07-26,SKU0037,Home,4,447.62,1790.48,173
2025-07-26,SKU0012,Electronics,27,238.08,6428.16,57
2025-07-26,SKU0023,Food,55,120.14,6607.7,266
2025-07-27,SKU0042,Sports,94,566.01,53204.94,346
2025-07-27,SKU0047,Food,14,67.67,947.38,64
2025-07-27,SKU0019,Home,98,81.12,7949.76,343
2025-07-27,SKU0034,Sports,50,264.5,13225.0,298
2025-07-27,SKU0022,Food,46,299.83,13792.18,24
2025-07-27,SKU0036,Sports,25,155.97,3899.25,161
2025-07-28,SKU0050,Sports,46,304.59,14011.14,399
2025-07-28,SKU0035,Electronics,129,113.47,14637.63,164
2025-07-28,SKU0005,Food,48,437.22,20986.56,190
2025-07-28,SKU0037,Home,29,408.73,11853.17,489
2025-07-28,SKU0043,Sports,49,301.84,14790.16,71
2025-07-28,SKU0045,Food,516,398.83,205796.28,16
2025-07-29,SKU0031,Clothing,120,388.92,46670.4,157
2025-07-29,SKU0012,Electronics,3,244.9,734.7,20
2025-07-29,SKU0039,Clothing,15,413.25,6198.75,120
2025-07-29,SKU0005,Food,18,332.62,5987.16,145
2025-07-29,SKU0049,Electronics,11,299.66,3296.26,167
2025-07-29,SKU0017,Food,55,214.6,11803.0,258
2025-07-29,SKU0038,Food,12,298.14,3577.68,447
2025-07-30,SKU0019,Home,73,76.09,5554.57,484
2025-07-30,SKU0019,Home,99,72.89,7216.11,248
2025-07-30,SKU0008,Clothing,18,149.98,2699.64,121
2025-07-30,SKU0022,Food,65,465.9,30283.5,255
2025-07-30,SKU0001,Food,14,459.51,6433.14,444
2025-07-31,SKU0017,Food,43,187.59,8066.37,403
2025-07-31,SKU0021,Home,85,361.97,30767.45,0
2025-08-01,SKU0036,Sports,52,141.1,7337.2,256
2025-08-01,SKU0021,Home,59,546.36,32235.24,389
2025-08-01,SKU0016,Clothing,27,149.51,4036.77,70
2025-08-01,SKU0028,Electronics,88,274.12,24122.56,194
2025-08-02,SKU0023,Food,1,152.39,152.39,444
2025-08-02,SKU0022,Food,153,349.55,53481.15,345
2025-08-02,SKU0043,Sports,46,357.83,16460.18,226
2025-08-02,SKU0027,Food,117,151.72,17751.24,210
2025-08-02,SKU0026,Food,74,101.83,7535.42,377
2025-08-02,SKU0006,Clothing,71,330.55,23469.05,135
2025-08-02,SKU0045,Food,79,517.58,40888.82,403
2025-08-03,SKU0028,Electronics,19,190.89,3626.91,311
2025-08-03,SKU0050,Sports,110,265.26,29178.6,185
2025-08-03,SKU0008,Clothing,60,186.36,11181.6,62
2025-08-03,SKU0004,Electronics,112,93.36,10456.32,449
2025-08-03,SKU0025,Electronics,246,83.03,20425.38,481
2025-08-04,SKU0009,Electronics,34,437.5,14875.0,435
2025-08-04,SKU0026,Food,94,96.61,9081.34,453
2025-08-05,SKU0005,Food,127,425.79,54075.33,115
2025-08-05,SKU0044,Electronics,191,405.8,77507.8,14
2025-08-05,SKU0031,Clothing,153,362.6,55477.8,70
2025-08-05,SKU0009,Electronics,20,377.74,7554.8,350
2025-08-05,SKU0008,Clothing,6,212.36,1274.16,151
2025-08-05,SKU0042,Sports,15,559.84,8397.6,378
2025-08-06,SKU0007,Clothing,20,48.33,966.6,369
2025-08-06,SKU0028,Electronics,78,225.49,17588.22,346
2025-08-06,SKU0020,Home,25,247.34,6183.5,95
2025-08-07,SKU0032,Electronics,62,82.78,5132.36,264
2025-08-07,SKU0024,Sports,126,30.84,3885.84,51
2025-08-07,SKU0024,Sports,143,27.55,3939.65,331
2025-08-07,SKU0035,Electronics,34,132.7,4511.8,390
2025-08-08,SKU0006,Clothing,98,364.52,35722.96,450
2025-08-08,SKU0033,Home,33,191.32,6313.56,427
2025-08-08,SKU0022,Food,55,300.27,16514.85,99
2025-08-09,SKU0014,Sports,71,358.07,25422.97,440
2025-08-09,SKU0020,Home,50,306.39,15319.5,241
2025-08-09,SKU0002,Sports,20,216.98,4339.6,242
2025-08-09,SKU0001,Food,31,366.66,11366.46,71
2025-08-09,SKU0001,Food,20,432.84,8656.8,304
2025-08-09,SKU0011,Sports,6,87.51,525.06,55
2025-08-09,SKU0047,Food,56,92.69,5190.64,413
2025-08-10,SKU0043,Sports,316,377.76,119372.16,2
2025-08-10,SKU0035,Electronics,92,84.44,7768.48,294
2025-08-10,SKU0029,Clothing,41,314.81,12907.21,416
2025-08-10,SKU0007,Clothing,16,64.01,1024.16,140
2025-08-11,SKU0040,Sports,39,387.41,15108.99,170
2025-08-11,SKU0008,Clothing,16,174.36,2789.76,65
2025-08-11,SKU0031,Clothing,167,559.23,93391.41,453
2025-08-11,SKU0004,Electronics,79,60.22,4757.38,500
2025-08-11,SKU0040,Sports,134,484.41,64910.94,448
2025-08-12,SKU0044,Electronics,21,371.52,7801.92,472
2025-08-12,SKU0033,Home,29,134.26,3893.54,15
2025-08-12,SKU0009,Electronics,18,325.69,5862.42,266
2025-08-12,SKU0043,Sports,58,395.65,22947.7,16
2025-08-12,SKU0049,Electronics,171,418.41,71548.11,477
2025-08-12,SKU0041,Electronics,105,342.86,36000.3,135
2025-08-12,SKU0004,Electronics,92,66.57,6124.44,499
2025-08-12,SKU0036,Sports,48,220.55,10586.4,255
2025-08-13,SKU0007,Clothing,15,50.85,762.75,249
2025-08-13,SKU0035,Electronics,96,80.25,7704.0,129
2025-08-13,SKU0025,Electronics,774,83.29,64466.46,378
2025-08-13,SKU0046,Food,97,433.33,42033.01,360
2025-08-13,SKU0037,Home,64,410.56,26275.84,273
2025-08-13,SKU0007,Clothing,24,59.64,1431.36,407
2025-08-13,SKU0016,Clothing,69,124.55,8593.95,282
2025-08-14,SKU0023,Food,65,139.59,9073.35,77
2025-08-14,SKU0021,Home,39,395.34,15418.26,346
2025-08-14,SKU0024,Sports,126,23.18,2920.68,244
2025-08-14,SKU0022,Food,133,530.13,70507.29,244
2025-08-14,SKU0029,Clothing,107,395.32,42299.24,127
2025-08-14,SKU0022,Food,35,305.91,10706.85,78
2025-08-14,SKU0018,Electronics,110,165.86,18244.6,169
2025-08-15,SKU0008,Clothing,75,175.1,13132.5,180
2025-08-15,SKU0038,Food,17,248.38,4222.46,491
2025-08-15,SKU0016,Clothing,139,149.28,20749.92,393
2025-08-15,SKU0036,Sports,20,129.57,2591.4,462
2025-08-16,SKU0020,Home,15,214.08,3211.2,219
2025-08-16,SKU0038,Food,8,228.11,1824.88,69
2025-08-16,SKU0017,Food,9,243.55,2191.95,470
2025-08-16,SKU0044,Electronics,100,347.55,34755.0,424
2025-08-17,SKU0008,Clothing,54,156.69,8461.26,216
2025-08-17,SKU0035,Electronics,24,109.8,2635.2,328
2025-08-17,SKU0041,Electronics,18,338.82,6098.76,70
2025-08-17,SKU0036,Sports,72,147.5,10620.0,247
2025-08-17,SKU0043,Sports,20,446.5,8930.0,84
2025-08-18,SKU0010,Electronics,44,449.86,19793.84,498
2025-08-18,SKU0024,Sports,84,41.29,3468.36,405
2025-08-18,SKU0034,Sports,100,210.32,21032.0,399
2025-08-18,SKU0008,Clothing,50,204.08,10204.0,67
2025-08-19,SKU0036,Sports,41,184.78,7575.98,129
2025-08-19,SKU0001,Food,29,396.86,11508.94,37
2025-08-19,SKU0034,Sports,40,320.16,12806.4,142
2025-08-19,SKU0029,Clothing,153,362.09,55399.77,29
2025-08-19,SKU0033,Home,74,161.28,11934.72,351
2025-08-19,SKU0002,Sports,11,296.74,3264.14,56
2025-08-19,SKU0029,Clothing,144,242.87,34973.28,309
2025-08-20,SKU0007,Clothing,6,35.87,215.22,405
2025-08-20,SKU0024,Sports,130,23.2,3016.0,54
2025-08-20,SKU0015,Home,64,172.57,11044.48,142
2025-08-20,SKU0040,Sports,40,495.33,19813.2,61
2025-08-20,SKU0017,Food,2,276.31,552.62,241
2025-08-20,SKU0044,Electronics,126,313.77,39535.02,154
2025-08-20,SKU0030,Clothing,93,339.48,31571.64,308
2025-08-21,SKU0020,Home,28,196.47,5501.16,202
2025-08-21,SKU0005,Food,49,354.97,17393.53,236
2025-08-21,SKU0013,Food,71,337.98,23996.58,133
2025-08-21,SKU0013,Food,49,232.51,11392.99,368
2025-08-21,SKU0031,Clothing,138,328.89,45386.82,401
2025-08-22,SKU0015,Home,27,209.94,5668.38,231
2025-08-22,SKU0033,Home,64,128.47,8222.08,185
2025-08-22,SKU0010,Electronics,20,467.74,9354.8,12
2025-08-23,SKU0025,Electronics,248,67.25,16678.0,129
2025-08-23,SKU0024,Sports,37,40.79,1509.23,161
2025-08-23,SKU0004,Electronics,150,65.04,9756.0,129
2025-08-23,SKU0047,Food,166,76.29,12664.14,34
2025-08-23,SKU0036,Sports,53,229.85,12182.05,113
2025-08-23,SKU0045,Food,1481,531.24,786766.44,358
2025-08-23,SKU0015,Home,6,158.76,952.56,267
2025-08-24,SKU0038,Food,9,386.83,3481.47,81
2025-08-24,SKU0014,Sports,24,216.78,5202.72,319
2025-08-24,SKU0041,Electronics,28,330.96,9266.88,79
2025-08-24,SKU0018,Electronics,2,163.84,327.68,146
2025-08-25,SKU0003,Electronics,19,143.71,2730.49,8
2025-08-25,SKU0043,Sports,97,494.03,47920.91,51
2025-08-25,SKU0039,Clothing,26,414.71,10782.46,175
2025-08-25,SKU0014,Sports,39,309.04,12052.56,431
2025-08-25,SKU0013,Food,82,298.18,24450.76,85
2025-08-25,SKU0006,Clothing,16,376.75,6028.0,26
2025-08-25,SKU0009,Electronics,49,429.37,21039.13,201
2025-08-25,SKU0038,Food,11,258.04,2838.44,8
2025-08-26,SKU0007,Clothing,4,44.67,178.68,105
2025-08-26,SKU0041,Electronics,106,333.07,35305.42,1
2025-08-26,SKU0004,Electronics,311,100.17,31152.87,136
2025-08-26,SKU0005,Food,218,299.89,65376.02,373
2025-08-26,SKU0026,Food,19,100.93,1917.67,106
2025-08-26,SKU0043,Sports,13,354.61,4609.93,9
2025-08-26,SKU0004,Electronics,136,91.75,12478.0,215
2025-08-26,SKU0017,Food,63,296.97,18709.11,157
2025-08-27,SKU0016,Clothing,116,150.84,17497.44,34
2025-08-27,SKU0007,Clothing,35,39.25,1373.75,242
2025-08-27,SKU0011,Sports,29,97.87,2838.23,92
2025-08-27,SKU0016,Clothing,23,109.4,2516.2,494
2025-08-27,SKU0047,Food,23,74.56,1714.88,191
2025-08-28,SKU0020,Home,8,285.1,2280.8,428
2025-08-28,SKU0015,Home,147,194.96,28659.12,298
2025-08-28,SKU0042,Sports,79,515.55,40728.45,307
2025-08-28,SKU0046,Food,68,399.28,27151.04,500
2025-08-28,SKU0016,Clothing,107,129.76,13884.32,499
2025-08-28,SKU0044,Electronics,-2,388.47,-776.94,0
2025-08-29,SKU0012,Electronics,45,310.03,13951.35,10
2025-08-29,SKU0004,Electronics,97,110.32,10701.04,192
2025-08-29,SKU0004,Electronics,110,104.29,11471.9,117
2025-08-29,SKU0021,Home,-7,436.96,-3058.72,171
2025-08-29,SKU0043,Sports,33,414.05,13663.65,166
2025-08-30,SKU0041,Electronics,98,229.01,22442.98,172
2025-08-30,SKU0016,Clothing,10,119.06,1190.6,226
2025-08-30,SKU0050,Sports,36,215.98,7775.28,225
2025-08-30,SKU0010,Electronics,155,493.96,76563.8,30
2025-08-30,SKU0008,Clothing,123,137.71,16938.33,132
2025-08-30,SKU0006,Clothing,102,512.51,52276.02,64
2025-08-31,SKU0027,Food,90,201.1,18099.0,420
2025-08-31,SKU0031,Clothing,172,534.93,92007.96,396
2025-08-31,SKU0007,Clothing,17,37.62,639.54,181
2025-08-31,SKU0026,Food,48,82.82,3975.36,346
2025-08-31,SKU0031,Clothing,136,471.54,64129.44,350
2025-09-01,SKU0009,Electronics,77,244.96,18861.92,279
2025-09-01,SKU0009,Electronics,8,256.46,2051.68,355
2025-09-01,SKU0045,Food,546,486.46,265607.16,337
2025-09-01,SKU0027,Food,119,275.78,32817.82,90
2025-09-02,SKU0009,Electronics,40,445.88,17835.2,345
2025-09-02,SKU0006,Clothing,83,517.75,42973.25,43
2025-09-02,SKU0022,Food,29,288.02,8352.58,364
2025-09-02,SKU0010,Electronics,56,571.08,31980.48,296
2025-09-02,SKU0029,Clothing,7,354.75,2483.25,232
2025-09-02,SKU0015,Home,113,172.51,19493.63,88
2025-09-02,SKU0035,Electronics,26,142.81,3713.06,375
2025-09-03,SKU0016,Clothing,30,106.75,3202.5,256
2025-09-03,SKU0050,Sports,233,293.37,68355.21,366
2025-09-03,SKU0003,Electronics,50,170.98,8549.0,122
2025-09-04,SKU0004,Electronics,40,92.07,3682.8,222
2025-09-04,SKU0010,Electronics,12,416.98,5003.76,117
2025-09-04,SKU0030,Clothing,17,343.12,5833.04,284
2025-09-04,SKU0038,Food,22,360.65,7934.3,346
2025-09-04,SKU0031,Clothing,98,487.01,47726.98,207
2025-09-04,SKU0048,Food,43,331.7,14263.1,430
2025-09-04,SKU0002,Sports,207,259.25,53664.75,309
2025-09-05,SKU0047,Food,13,99.98,1299.74,458
2025-09-05,SKU0033,Home,10,158.32,1583.2,184
2025-09-05,SKU0047,Food,169,101.64,17177.16,78
2025-09-05,SKU0024,Sports,61,38.7,2360.7,88
2025-09-05,SKU0049,Electronics,12,442.66,5311.92,298
2025-09-05,SKU0012,Electronics,5,178.49,892.45,138
2025-09-06,SKU0026,Food,54,63.08,3406.32,440
2025-09-06,SKU0017,Food,9,279.4,2514.6,276
2025-09-06,SKU0034,Sports,39,367.4,14328.6,65
2025-09-06,SKU0048,Food,61,250.39,15273.79,176
2025-09-06,SKU0008,Clothing,40,229.28,9171.2,298
2025-09-06,SKU0012,Electronics,44,217.27,9559.88,223
2025-09-07,SKU0005,Food,187,348.4,65150.8,190
2025-09-07,SKU0018,Electronics,46,148.11,6813.06,370
2025-09-07,SKU0032,Electronics,87,96.94,8433.78,471
2025-09-07,SKU0023,Food,14,153.29,2146.06,400
2025-09-07,SKU0026,Food,21,82.55,1733.55,87
2025-09-07,SKU0036,Sports,50,180.39,9019.5,205
2025-09-08,SKU0003,Electronics,12,145.12,1741.44,465
2025-09-08,SKU0039,Clothing,152,275.91,41938.32,18
2025-09-08,SKU0002,Sports,47,297.24,13970.28,22
2025-09-08,SKU0028,Electronics,137,186.51,25551.87,110
2025-09-08,SKU0004,Electronics,81,85.78,6948.18,191
2025-09-09,SKU0029,Clothing,110,393.64,43300.4,425
2025-09-09,SKU0013,Food,54,383.35,20700.9,309
2025-09-09,SKU0012,Electronics,49,258.89,12685.61,173
2025-09-09,SKU0044,Electronics,-15,497.65,-7464.75,376
2025-09-09,SKU0014,Sports,23,279.76,6434.48,363
2025-09-09,SKU0031,Clothing,167,419.12,69993.04,207
2025-09-09,SKU0031,Clothing,134,336.65,45111.1,328
2025-09-09,SKU0031,Clothing,54,457.15,24686.1,111
2025-09-10,SKU0029,Clothing,115,288.35,33160.25,119
2025-09-10,SKU0036,Sports,203,133.85,27171.55,203
2025-09-10,SKU0034,Sports,82,350.27,28722.14,341
2025-09-10,SKU0012,Electronics,45,193.11,8689.95,78
2025-09-10,SKU0013,Food,76,390.46,29674.96,266
2025-09-10,SKU0026,Food,23,107.69,2476.87,302
2025-09-10,SKU0039,Clothing,87,263.94,22962.78,25
2025-09-10,SKU0016,Clothing,14,121.49,1700.86,350
2025-09-10,SKU0011,Sports,21,103.63,2176.23,117
2025-09-10,SKU0032,Electronics,110,99.62,10958.2,96
2025-09-10,SKU0043,Sports,63,395.08,24890.04,103
2025-09-10,SKU0032,Electronics,21,102.68,2156.28,178
2025-09-11,SKU0014,Sports,57,311.97,17782.29,179
2025-09-11,SKU0003,Electronics,79,157.36,12431.44,222
2025-09-11,SKU0027,Food,270,240.96,65059.2,57
2025-09-11,SKU0003,Electronics,29,118.84,3446.36,428
2025-09-11,SKU0036,Sports,29,189.63,5499.27,221
2025-09-11,SKU0040,Sports,187,489.67,91568.29,491
2025-09-11,SKU0004,Electronics,61,100.87,6153.07,248
2025-09-11,SKU0048,Food,159,389.01,61852.59,0
2025-09-11,SKU0009,Electronics,29,261.18,7574.22,379
2025-09-11,SKU0030,Clothing,44,222.89,9807.16,154
2025-09-11,SKU0032,Electronics,38,109.81,4172.78,461
2025-09-11,SKU0018,Electronics,9,213.9,1925.1,57
2025-09-12,SKU0011,Sports,11,85.74,943.14,357
2025-09-12,SKU0014,Sports,22,357.51,7865.22,112
2025-09-12,SKU0021,Home,75,351.19,26339.25,277
2025-09-13,SKU0005,Food,220,301.68,66369.6,156
2025-09-13,SKU0028,Electronics,102,290.89,29670.78,257
2025-09-13,SKU0004,Electronics,49,64.32,3151.68,26
2025-09-13,SKU0007,Clothing,9,39.79,358.11,372
2025-09-13,SKU0048,Food,178,226.96,40398.88,369
2025-09-14,SKU0032,Electronics,103,91.51,9425.53,212
2025-09-14,SKU0003,Electronics,10,101.68,1016.8,330
2025-09-14,SKU0023,Food,-8,143.52,-1148.16,265
2025-09-14,SKU0019,Home,15,74.83,1122.45,191
2025-09-14,SKU0033,Home,44,140.86,6197.84,107
2025-09-14,SKU0007,Clothing,17,50.45,857.65,94
2025-09-15,SKU0046,Food,34,491.0,16694.0,497
2025-09-15,SKU0037,Home,101,388.48,39236.48,405
2025-09-15,SKU0004,Electronics,139,93.85,13045.15,214
2025-09-15,SKU0014,Sports,50,290.93,14546.5,67
2025-09-15,SKU0011,Sports,30,122.44,3673.2,46
2025-09-15,SKU0033,Home,86,193.05,16602.3,394
2025-09-15,SKU0009,Electronics,37,391.08,14469.96,256
2025-09-16,SKU0042,Sports,42,515.77,21662.34,476
2025-09-16,SKU0046,Food,101,355.57,35912.57,155
2025-09-16,SKU0010,Electronics,12,488.85,5866.2,393
2025-09-16,SKU0019,Home,60,100.17,6010.2,240
2025-09-16,SKU0031,Clothing,47,490.97,23075.59,232
2025-09-17,SKU0047,Food,143,109.19,15614.17,433
2025-09-17,SKU0003,Electronics,-7,121.34,-849.38,453
2025-09-17,SKU0046,Food,67,452.27,30302.09,400
2025-09-17,SKU0025,Electronics,29,65.69,1905.01,246
2025-09-17,SKU0025,Electronics,759,82.22,62404.98,296
2025-09-17,SKU0034,Sports,74,220.88,16345.12,490
2025-09-17,SKU0043,Sports,38,308.5,11723.0,63
2025-09-17,SKU0027,Food,4,252.66,1010.64,226
2025-09-17,SKU0001,Food,11,329.82,3628.02,277
2025-09-18,SKU0028,Electronics,59,204.16,12045.44,114
2025-09-18,SKU0024,Sports,-15,37.91,-568.65,237
2025-09-18,SKU0014,Sports,18,247.53,4455.54,330
2025-09-18,SKU0042,Sports,54,582.39,31449.06,124
2025-09-18,SKU0045,Food,453,563.5,255265.5,332
2025-09-19,SKU0017,Food,32,244.17,7813.44,280
2025-09-19,SKU0013,Food,87,354.39,30831.93,301
2025-09-19,SKU0004,Electronics,57,107.43,6123.51,380
2025-09-19,SKU0048,Food,60,233.78,14026.8,195
2025-09-20,SKU0039,Clothing,16,350.91,5614.56,233
2025-09-20,SKU0024,Sports,8,35.2,281.6,253
2025-09-20,SKU0039,Clothing,6,257.78,1546.68,436
2025-09-20,SKU0049,Electronics,10,370.75,3707.5,197
2025-09-20,SKU0025,Electronics,159,56.15,8927.85,476
2025-09-20,SKU0043,Sports,308,392.64,120933.12,124
2025-09-21,SKU0005,Food,243,331.52,80559.36,406
2025-09-21,SKU0040,Sports,23,529.84,12186.32,283
2025-09-21,SKU0023,Food,60,130.24,7814.4,55
2025-09-23,SKU0005,Food,10,367.21,3672.1,131
2025-09-23,SKU0040,Sports,111,465.16,51632.76,68
2025-09-23,SKU0036,Sports,48,215.96,10366.08,160
2025-09-23,SKU0035,Electronics,15,114.65,1719.75,200
2025-09-23,SKU0045,Food,119,348.19,41434.61,458
2025-09-23,SKU0017,Food,24,214.12,5138.88,274
2025-09-24,SKU0030,Clothing,130,331.74,43126.2,208
2025-09-24,SKU0029,Clothing,34,240.85,8188.9,7
2025-09-24,SKU0022,Food,12,439.72,5276.64,341
2025-09-25,SKU0044,Electronics,49,509.93,24986.57,48
2025-09-25,SKU0038,Food,15,244.03,3660.45,358
2025-09-25,SKU0045,Food,293,314.96,92283.28,182
2025-09-25,SKU0045,Food,593,558.51,331196.43,295
2025-09-25,SKU0003,Electronics,81,150.61,12199.41,235
2025-09-25,SKU0001,Food,10,254.57,2545.7,378
2025-09-25,SKU0015,Home,45,204.87,9219.15,229
2025-09-25,SKU0041,Electronics,35,230.42,8064.7,190
2025-09-25,SKU0036,Sports,6,147.31,883.86,65
2025-09-26,SKU0039,Clothing,11,367.06,4037.66,255
2025-09-26,SKU0024,Sports,21,40.57,851.97,202
2025-09-26,SKU0023,Food,35,154.17,5395.95,280
2025-09-26,SKU0038,Food,16,337.13,5394.08,261
2025-09-26,SKU0038,Food,56,245.68,13758.08,324
2025-09-27,SKU0015,Home,10,245.23,2452.3,295
2025-09-27,SKU0027,Food,59,198.84,11731.56,467
2025-09-27,SKU0019,Home,38,63.63,2417.94,305
2025-09-27,SKU0023,Food,96,133.79,12843.84,308
2025-09-27,SKU0003,Electronics,91,173.54,15792.14,346
2025-09-28,SKU0020,Home,81,196.16,15888.96,397
2025-09-28,SKU0027,Food,74,203.22,15038.28,37
2025-09-28,SKU0006,Clothing,41,355.52,14576.32,149
2025-09-28,SKU0024,Sports,42,36.0,1512.0,231
2025-09-28,SKU0011,Sports,27,103.09,2783.43,345
2025-09-28,SKU0035,Electronics,106,91.34,9682.04,11
2025-09-28,SKU0023,Food,45,144.87,6519.15,309
2025-09-28,SKU0034,Sports,46,294.54,13548.84,96
2025-09-29,SKU0040,Sports,30,522.47,15674.1,239
2025-09-29,SKU0013,Food,90,297.81,26802.9,294
2025-09-29,SKU0024,Sports,87,29.24,2543.88,400
2025-09-29,SKU0031,Clothing,163,593.1,96675.3,170
2025-09-30,SKU0023,Food,41,98.67,4045.47,441
2025-09-30,SKU0028,Electronics,116,227.87,26432.92,163
2025-09-30,SKU0028,Electronics,60,167.43,10045.8,32
2025-09-30,SKU0016,Clothing,13,136.33,1772.29,304
2025-09-30,SKU0008,Clothing,62,142.41,8829.42,375
2025-09-30,SKU0036,Sports,5,171.99,859.95,406
2025-09-30,SKU0026,Food,63,67.55,4255.65,51
2025-09-30,SKU0049,Electronics,75,437.14,32785.5,205
2025-09-30,SKU0007,Clothing,2,50.42,100.84,85
2025-09-30,SKU0003,Electronics,173,100.95,17464.35,4
2025-10-01,SKU0015,Home,31,147.42,4570.02,363
2025-10-01,SKU0036,Sports,8,181.17,1449.36,263
2025-10-01,SKU0009,Electronics,58,449.36,26062.88,18
2025-10-01,SKU0048,Food,153,369.16,56481.48,215
2025-10-01,SKU0050,Sports,36,307.92,11085.12,232
2025-10-02,SKU0021,Home,173,325.26,56269.98,116
2025-10-02,SKU0048,Food,2,221.22,442.44,8
2025-10-02,SKU0032,Electronics,89,85.89,7644.21,412
2025-10-02,SKU0015,Home,72,216.87,15614.64,49
2025-10-02,SKU0019,Home,47,96.6,4540.2,353
2025-10-02,SKU0017,Food,79,229.66,18143.14,478
2025-10-03,SKU0029,Clothing,9,312.82,2815.38,353
2025-10-03,SKU0018,Electronics,22,197.0,4334.0,375
2025-10-03,SKU0028,Electronics,104,265.87,27650.48,9
2025-10-03,SKU0027,Food,7,230.68,1614.76,187
2025-10-03,SKU0018,Electronics,19,233.12,4429.28,258
2025-10-03,SKU0046,Food,6,298.47,1790.82,213
2025-10-03,SKU0048,Food,127,255.18,32407.86,145
2025-10-03,SKU0030,Clothing,37,304.41,11263.17,282
2025-10-04,SKU0002,Sports,58,213.15,12362.7,88
2025-10-04,SKU0034,Sports,93,289.6,26932.8,285
2025-10-04,SKU0025,Electronics,675,51.34,34654.5,346
2025-10-04,SKU0036,Sports,85,227.83,19365.55,325
2025-10-04,SKU0046,Food,54,292.57,15798.78,268
2025-10-04,SKU0034,Sports,58,347.62,20161.96,477
2025-10-04,SKU0002,Sports,20,206.88,4137.6,210
2025-10-05,SKU0015,Home,18,155.84,2805.12,198
2025-10-05,SKU0048,Food,60,288.02,17281.2,411
2025-10-05,SKU0016,Clothing,38,168.91,6418.58,99
2025-10-05,SKU0015,Home,40,191.3,7652.0,351
2025-10-05,SKU0004,Electronics,54,61.48,3319.92,3
2025-10-05,SKU0046,Food,66,492.94,32534.04,477
2025-10-06,SKU0007,Clothing,29,55.22,1601.38,250
2025-10-06,SKU0009,Electronics,18,349.31,6287.58,396
2025-10-06,SKU0022,Food,31,305.24,9462.44,169
2025-10-06,SKU0003,Electronics,72,133.65,9622.8,248
2025-10-06,SKU0027,Food,38,231.4,8793.2,239
2025-10-06,SKU0010,Electronics,38,488.77,18573.26,18
2025-10-07,SKU0023,Food,265,120.76,32001.4,85
2025-10-07,SKU0040,Sports,100,389.44,38944.0,377
2025-10-07,SKU0032,Electronics,175,103.93,18187.75,377
2025-10-07,SKU0030,Clothing,169,353.92,59812.48,280
2025-10-07,SKU0010,Electronics,13,537.23,6983.99,324
2025-10-08,SKU0014,Sports,74,281.9,20860.6,123
2025-10-08,SKU0009,Electronics,17,379.25,6447.25,390
2025-10-08,SKU0005,Food,10,305.54,3055.4,52
2025-10-08,SKU0001,Food,24,295.0,7080.0,186
2025-10-08,SKU0004,Electronics,85,83.28,7078.8,41
2025-10-08,SKU0021,Home,64,533.95,34172.8,121
2025-10-08,SKU0029,Clothing,78,420.52,32800.56,178
2025-10-08,SKU0030,Clothing,73,337.36,24627.28,87
2025-10-09,SKU0036,Sports,81,144.8,11728.8,152
2025-10-09,SKU0008,Clothing,2,135.56,271.12,339
2025-10-09,SKU0033,Home,50,197.29,9864.5,455
2025-10-09,SKU0033,Home,47,157.3,7393.1,17
2025-10-09,SKU0008,Clothing,111,184.74,20506.14,474
2025-10-10,SKU0011,Sports,94,88.93,8359.42,225
2025-10-10,SKU0032,Electronics,-17,122.29,-2078.93,154
2025-10-10,SKU0014,Sports,24,270.76,6498.24,436
2025-10-10,SKU0032,Electronics,144,115.7,16660.8,314
2025-10-10,SKU0029,Clothing,152,267.74,40696.48,322
2025-10-10,SKU0049,Electronics,29,388.7,11272.3,151
2025-10-11,SKU0029,Clothing,95,307.42,29204.9,67
2025-10-11,SKU0012,Electronics,21,316.69,6650.49,237
2025-10-12,SKU0019,Home,72,108.88,7839.36,92
2025-10-12,SKU0041,Electronics,115,287.57,33070.55,148
2025-10-12,SKU0030,Clothing,142,239.44,34000.48,466
2025-10-12,SKU0034,Sports,43,282.19,12134.17,369
2025-10-13,SKU0043,Sports,-4,303.3,-1213.2,78
2025-10-13,SKU0010,Electronics,36,572.97,20626.92,395
2025-10-13,SKU0013,Food,75,401.69,30126.75,88
2025-10-13,SKU0017,Food,79,271.34,21435.86,356
2025-10-13,SKU0001,Food,23,368.15,8467.45,115
2025-10-13,SKU0033,Home,28,172.5,4830.0,298
2025-10-14,SKU0014,Sports,41,220.31,9032.71,403
2025-10-15,SKU0015,Home,158,186.42,29454.36,347
2025-10-15,SKU0042,Sports,200,581.17,116234.0,113
2025-10-15,SKU0039,Clothing,23,375.29,8631.67,15
2025-10-15,SKU0003,Electronics,136,170.99,23254.64,132
2025-10-15,SKU0045,Food,589,534.7,314938.3,128
2025-10-15,SKU0017,Food,78,189.13,14752.14,261
2025-10-15,SKU0029,Clothing,111,298.57,33141.27,209
2025-10-15,SKU0049,Electronics,188,272.31,51194.28,290
2025-10-16,SKU0023,Food,3,119.89,359.67,46
2025-10-16,SKU0007,Clothing,2,42.75,85.5,162
2025-10-16,SKU0023,Food,113,132.33,14953.29,9
2025-10-16,SKU0047,Food,20,77.13,1542.6,321
2025-10-17,SKU0045,Food,529,403.88,213652.52,207
2025-10-17,SKU0025,Electronics,38,87.17,3312.46,235
2025-10-17,SKU0034,Sports,63,299.4,18862.2,241
2025-10-17,SKU0011,Sports,30,80.66,2419.8,50
2025-10-17,SKU0036,Sports,7,130.25,911.75,142
2025-10-17,SKU0041,Electronics,121,278.15,33656.15,304
2025-10-18,SKU0004,Electronics,114,91.4,10419.6,389
2025-10-18,SKU0009,Electronics,29,363.83,10551.07,191
2025-10-18,SKU0014,Sports,38,277.51,10545.38,330
2025-10-18,SKU0023,Food,68,96.87,6587.16,355
2025-10-19,SKU0043,Sports,20,432.53,8650.6,365
2025-10-19,SKU0007,Clothing,6,55.7,334.2,297
2025-10-19,SKU0029,Clothing,298,310.64,92570.72,339
2025-10-19,SKU0046,Food,103,356.98,36768.94,161
2025-10-19,SKU0019,Home,72,93.7,6746.4,274
2025-10-19,SKU0040,Sports,142,433.1,61500.2,447
2025-10-19,SKU0038,Food,13,336.84,4378.92,4
2025-10-20,SKU0006,Clothing,92,555.73,51127.16,160
2025-10-20,SKU0002,Sports,21,252.04,5292.84,20
2025-10-20,SKU0002,Sports,158,253.09,39988.22,382
2025-10-20,SKU0028,Electronics,26,245.91,6393.66,339
2025-10-21,SKU0037,Home,81,299.55,24263.55,39
2025-10-21,SKU0024,Sports,52,23.68,1231.36,428
2025-10-21,SKU0041,Electronics,18,253.71,4566.78,175
2025-10-21,SKU0020,Home,23,262.65,6040.95,246
2025-10-21,SKU0026,Food,99,80.49,7968.51,74
2025-10-21,SKU0047,Food,67,104.67,7012.89,55
2025-10-21,SKU0049,Electronics,66,319.4,21080.4,313
2025-10-21,SKU0019,Home,135,105.1,14188.5,420
2025-10-21,SKU0032,Electronics,35,77.67,2718.45,263
2025-10-22,SKU0034,Sports,93,321.13,29865.09,9
2025-10-22,SKU0021,Home,71,452.77,32146.67,10
2025-10-22,SKU0044,Electronics,5,469.72,2348.6,195
2025-10-22,SKU0022,Food,42,293.86,12342.12,442
2025-10-22,SKU0015,Home,69,201.83,13926.27,460
2025-10-22,SKU0032,Electronics,51,112.79,5752.29,11
2025-10-22,SKU0017,Food,51,243.85,12436.35,446
2025-10-23,SKU0014,Sports,70,263.2,18424.0,386
2025-10-23,SKU0003,Electronics,89,116.05,10328.45,454
2025-10-23,SKU0020,Home,26,215.23,5595.98,300
2025-10-23,SKU0003,Electronics,10,157.98,1579.8,483
2025-10-23,SKU0015,Home,5,229.49,1147.45,382
2025-10-23,SKU0018,Electronics,25,157.93,3948.25,358
2025-10-24,SKU0046,Food,15,408.83,6132.45,475
2025-10-24,SKU0007,Clothing,11,51.68,568.48,89
2025-10-24,SKU0032,Electronics,255,104.49,26644.95,169
2025-10-24,SKU0018,Electronics,3,157.02,471.06,257
2025-10-24,SKU0010,Electronics,75,340.32,25524.0,247
2025-10-24,SKU0035,Electronics,3,143.45,430.35,58
2025-10-24,SKU0043,Sports,138,296.79,40957.02,365
2025-10-25,SKU0041,Electronics,112,271.57,30415.84,369
2025-10-25,SKU0032,Electronics,122,89.54,10923.88,134
2025-10-25,SKU0020,Home,18,221.1,3979.8,171
2025-10-25,SKU0012,Electronics,28,278.53,7798.84,500
2025-10-26,SKU0048,Food,4,390.98,1563.92,42
2025-10-26,SKU0026,Food,71,72.64,5157.44,149
2025-10-26,SKU0044,Electronics,121,385.76,46676.96,462
2025-10-26,SKU0010,Electronics,23,529.22,12172.06,213
2025-10-26,SKU0040,Sports,4,558.22,2232.88,267
2025-10-26,SKU0018,Electronics,33,161.49,5329.17,287
2025-10-26,SKU0034,Sports,120,379.18,45501.6,290
2025-10-26,SKU0048,Food,99,221.08,21886.92,335
2025-10-26,SKU0014,Sports,63,246.2,15510.6,441
2025-10-27,SKU0006,Clothing,107,411.87,44070.09,332
2025-10-27,SKU0028,Electronics,125,283.6,35450.0,292
2025-10-27,SKU0017,Food,28,174.89,4896.92,339
2025-10-27,SKU0041,Electronics,96,258.28,24794.88,28
2025-10-27,SKU0040,Sports,40,368.38,14735.2,82
2025-10-27,SKU0040,Sports,14,534.22,7479.08,322
2025-10-28,SKU0013,Food,76,317.48,24128.48,137
2025-10-28,SKU0021,Home,154,317.54,48901.16,442
2025-10-28,SKU0017,Food,-13,298.82,-3884.66,264
2025-10-28,SKU0006,Clothing,55,318.42,17513.1,290
2025-10-28,SKU0034,Sports,20,346.16,6923.2,275
2025-10-28,SKU0042,Sports,49,500.24,24511.76,237
2025-10-28,SKU0023,Food,38,106.73,4055.74,428
2025-10-28,SKU0021,Home,30,448.79,13463.7,196
2025-10-29,SKU0004,Electronics,43,86.72,3728.96,131
2025-10-29,SKU0045,Food,766,514.39,394022.74,67
2025-10-29,SKU0003,Electronics,88,138.72,12207.36,397
2025-10-29,SKU0032,Electronics,94,114.14,10729.16,211
2025-10-29,SKU0021,Home,56,320.33,17938.48,450
2025-10-29,SKU0022,Food,55,479.1,26350.5,492
2025-10-30,SKU0047,Food,10,108.84,1088.4,483
2025-10-30,SKU0031,Clothing,91,499.96,45496.36,287
2025-10-30,SKU0013,Food,78,252.48,19693.44,175
2025-10-31,SKU0049,Electronics,84,302.6,25418.4,270
2025-10-31,SKU0032,Electronics,37,105.05,3886.85,36
2025-10-31,SKU0012,Electronics,13,242.76,3155.88,357
2025-10-31,SKU0001,Food,16,363.84,5821.44,235
2025-10-31,SKU0024,Sports,81,36.14,2927.34,8
2025-10-31,SKU0004,Electronics,113,87.29,9863.77,279
2025-10-31,SKU0012,Electronics,24,202.28,4854.72,95
2025-10-31,SKU0021,Home,47,443.24,20832.28,200
2025-10-31,SKU0045,Food,355,307.61,109201.55,400
2025-10-31,SKU0040,Sports,107,346.61,37087.27,72
2025-11-01,SKU0022,Food,76,304.99,23179.24,153
2025-11-01,SKU0016,Clothing,60,152.27,9136.2,482
2025-11-01,SKU0025,Electronics,75,54.07,4055.25,8
2025-11-01,SKU0050,Sports,96,254.01,24384.96,130
2025-11-01,SKU0026,Food,4,78.63,314.52,91
2025-11-02,SKU0005,Food,244,425.29,103770.76,230
2025-11-02,SKU0043,Sports,124,500.93,62115.32,169
2025-11-02,SKU0027,Food,168,198.46,33341.28,252
2025-11-02,SKU0006,Clothing,81,496.8,40240.8,111
2025-11-02,SKU0046,Food,2,425.93,851.86,210
2025-11-02,SKU0005,Food,157,334.79,52562.03,87
2025-11-02,SKU0010,Electronics,7,418.23,2927.61,328
2025-11-02,SKU0017,Food,75,175.64,13173.0,443
2025-11-03,SKU0030,Clothing,2,218.53,437.06,496
2025-11-03,SKU0041,Electronics,40,240.74,9629.6,128
2025-11-03,SKU0035,Electronics,56,127.59,7145.04,390
2025-11-03,SKU0027,Food,39,166.03,6475.17,101
2025-11-03,SKU0016,Clothing,-16,149.19,-2387.04,400
2025-11-04,SKU0040,Sports,93,545.1,50694.3,295
2025-11-04,SKU0026,Food,189,89.66,16945.74,203
2025-11-04,SKU0030,Clothing,36,241.0,8676.0,439
2025-11-04,SKU0015,Home,29,181.85,5273.65,228
2025-11-04,SKU0019,Home,21,91.34,1918.14,11
2025-11-04,SKU0036,Sports,44,176.03,7745.32,405
2025-11-05,SKU0050,Sports,30,288.82,8664.6,168
2025-11-05,SKU0018,Electronics,85,227.92,19373.2,144
2025-11-05,SKU0016,Clothing,35,135.37,4737.95,93
2025-11-05,SKU0022,Food,38,303.77,11543.26,419
2025-11-05,SKU0008,Clothing,20,185.78,3715.6,48
2025-11-05,SKU0032,Electronics,126,72.56,9142.56,441
2025-11-05,SKU0007,Clothing,-8,36.75,-294.0,467
2025-11-05,SKU0015,Home,85,266.59,22660.15,258
2025-11-06,SKU0038,Food,10,359.08,3590.8,111
2025-11-06,SKU0004,Electronics,58,65.47,3797.26,413
2025-11-06,SKU0047,Food,53,100.03,5301.59,228
2025-11-06,SKU0005,Food,149,249.02,37103.98,334
2025-11-06,SKU0033,Home,65,203.91,13254.15,490
2025-11-07,SKU0004,Electronics,68,64.21,4366.28,274
2025-11-07,SKU0035,Electronics,16,140.87,2253.92,466
2025-11-08,SKU0007,Clothing,16,63.84,1021.44,442
2025-11-08,SKU0038,Food,24,375.81,9019.44,223
2025-11-08,SKU0044,Electronics,98,454.36,44527.28,86
2025-11-08,SKU0037,Home,15,349.88,5248.2,411
2025-11-08,SKU0020,Home,19,200.53,3810.07,130
2025-11-08,SKU0028,Electronics,8,177.04,1416.32,120
2025-11-08,SKU0003,Electronics,65,145.2,9438.0,252
2025-11-08,SKU0034,Sports,14,240.77,3370.78,490
2025-11-09,SKU0002,Sports,54,311.24,16806.96,112
2025-11-09,SKU0032,Electronics,61,110.54,6742.94,261
2025-11-09,SKU0020,Home,35,197.22,6902.7,202
2025-11-10,SKU0003,Electronics,-2,165.54,-331.08,485
2025-11-10,SKU0019,Home,-11,88.83,-977.13,344
2025-11-11,SKU0047,Food,81,92.34,7479.54,161
2025-11-11,SKU0044,Electronics,21,563.66,11836.86,334
2025-11-11,SKU0043,Sports,13,471.49,6129.37,23
2025-11-11,SKU0022,Food,33,334.58,11041.14,394
2025-11-11,SKU0039,Clothing,95,399.15,37919.25,417
2025-11-12,SKU0003,Electronics,48,147.24,7067.52,190
2025-11-12,SKU0035,Electronics,72,95.34,6864.48,460
2025-11-12,SKU0039,Clothing,31,326.0,10106.0,149
2025-11-12,SKU0003,Electronics,79,112.09,8855.11,113
2025-11-12,SKU0039,Clothing,8,318.55,2548.4,110
2025-11-12,SKU0015,Home,59,145.6,8590.4,423
2025-11-13,SKU0029,Clothing,26,243.71,6336.46,485
2025-11-13,SKU0037,Home,2,265.22,530.44,270
2025-11-13,SKU0027,Food,115,174.7,20090.5,9
2025-11-13,SKU0043,Sports,24,392.36,9416.64,147
2025-11-13,SKU0030,Clothing,31,280.1,8683.1,453
2025-11-13,SKU0043,Sports,73,508.89,37148.97,10
2025-11-14,SKU0049,Electronics,114,344.22,39241.08,154
2025-11-14,SKU0026,Food,247,63.83,15766.01,94
2025-11-15,SKU0017,Food,15,260.7,3910.5,207
2025-11-15,SKU0031,Clothing,-11,353.88,-3892.68,214
2025-11-15,SKU0033,Home,87,211.3,18383.1,417
2025-11-15,SKU0001,Food,2,425.91,851.82,195
2025-11-15,SKU0038,Food,17,316.36,5378.12,38
2025-11-15,SKU0042,Sports,78,463.47,36150.66,168
2025-11-15,SKU0038,Food,15,250.25,3753.75,173
2025-11-16,SKU0012,Electronics,20,245.99,4919.8,385
2025-11-16,SKU0012,Electronics,35,237.92,8327.2,355
2025-11-16,SKU0047,Food,37,93.05,3442.85,181
2025-11-16,SKU0034,Sports,94,226.62,21302.28,178
2025-11-16,SKU0026,Food,92,84.42,7766.64,407
2025-11-16,SKU0039,Clothing,103,436.47,44956.41,338
2025-11-16,SKU0013,Food,179,402.21,71995.59,193
2025-11-17,SKU0020,Home,29,208.73,6053.17,38
2025-11-17,SKU0026,Food,62,61.54,3815.48,481
2025-11-17,SKU0014,Sports,7,242.56,1697.92,55
2025-11-17,SKU0036,Sports,42,159.17,6685.14,102
2025-11-17,SKU0006,Clothing,83,454.85,37752.55,213
2025-11-17,SKU0026,Food,64,74.22,4750.08,414
2025-11-17,SKU0005,Food,247,439.82,108635.54,40
2025-11-17,SKU0001,Food,6,455.44,2732.64,165
2025-11-18,SKU0019,Home,69,96.31,6645.39,398
2025-11-18,SKU0022,Food,38,427.67,16251.46,414
2025-11-18,SKU0028,Electronics,62,210.68,13062.16,258
2025-11-19,SKU0010,Electronics,129,538.62,69481.98,279
2025-11-19,SKU0035,Electronics,122,114.87,14014.14,498
2025-11-19,SKU0039,Clothing,89,267.21,23781.69,69
2025-11-19,SKU0011,Sports,26,85.43,2221.18,182
2025-11-19,SKU0024,Sports,137,37.26,5104.62,432
2025-11-20,SKU0042,Sports,59,406.95,24010.05,130
2025-11-20,SKU0043,Sports,15,303.3,4549.5,232
2025-11-20,SKU0011,Sports,2,84.59,169.18,33
2025-11-20,SKU0044,Electronics,24,365.77,8778.48,292
2025-11-21,SKU0001,Food,15,442.21,6633.15,70
2025-11-21,SKU0038,Food,10,294.64,2946.4,408
2025-11-21,SKU0030,Clothing,60,237.35,14241.0,160
2025-11-21,SKU0032,Electronics,318,123.94,39412.92,123
2025-11-21,SKU0042,Sports,41,503.93,20661.13,490
2025-11-21,SKU0010,Electronics,31,435.92,13513.52,478
2025-11-21,SKU0008,Clothing,69,156.13,10772.97,288
2025-11-21,SKU0012,Electronics,138,187.66,25897.08,380
2025-11-22,SKU0010,Electronics,84,530.2,44536.8,50
2025-11-22,SKU0037,Home,8,247.34,1978.72,485
2025-11-22,SKU0034,Sports,109,298.54,32540.86,84
2025-11-22,SKU0012,Electronics,3,245.99,737.97,148
2025-11-23,SKU0036,Sports,13,182.04,2366.52,426
2025-11-23,SKU0017,Food,40,234.92,9396.8,381
2025-11-23,SKU0008,Clothing,5,144.02,720.1,192
2025-11-23,SKU0016,Clothing,24,132.33,3175.92,427
2025-11-23,SKU0027,Food,36,228.2,8215.2,107
2025-11-24,SKU0048,Food,73,352.61,25740.53,288
2025-11-24,SKU0036,Sports,-9,166.02,-1494.18,212
2025-11-25,SKU0043,Sports,57,408.46,23282.22,202
2025-11-25,SKU0011,Sports,39,78.38,3056.82,172
2025-11-25,SKU0031,Clothing,132,325.87,43014.84,233
2025-11-26,SKU0003,Electronics,75,148.43,11132.25,289
2025-11-26,SKU0035,Electronics,73,96.68,7057.64,359
2025-11-26,SKU0037,Home,47,355.15,16692.05,478
2025-11-26,SKU0045,Food,69,389.07,26845.83,44
2025-11-26,SKU0015,Home,41,250.47,10269.27,363
2025-11-26,SKU0038,Food,20,392.53,7850.6,326
2025-11-26,SKU0025,Electronics,463,63.66,29474.58,244
2025-11-26,SKU0032,Electronics,147,87.83,12911.01,344
2025-11-26,SKU0017,Food,92,228.37,21010.04,351
2025-11-26,SKU0022,Food,11,294.25,3236.75,125
2025-11-27,SKU0021,Home,38,361.09,13721.42,148
2025-11-27,SKU0023,Food,73,129.41,9446.93,222
2025-11-27,SKU0048,Food,39,317.57,12385.23,3
2025-11-27,SKU0011,Sports,29,106.58,3090.82,315
2025-11-27,SKU0013,Food,83,382.2,31722.6,338
2025-11-27,SKU0010,Electronics,37,328.97,12171.89,248
2025-11-28,SKU0039,Clothing,28,239.03,6692.84,392
2025-11-28,SKU0035,Electronics,108,115.97,12524.76,278
2025-11-28,SKU0038,Food,15,341.1,5116.5,407
2025-11-28,SKU0005,Food,143,392.74,56161.82,162
2025-11-28,SKU0031,Clothing,81,373.29,30236.49,62
2025-11-28,SKU0033,Home,105,185.8,19509.0,489
2025-11-29,SKU0017,Food,4,253.9,1015.6,335
2025-11-29,SKU0014,Sports,36,194.24,6992.64,317
2025-11-29,SKU0045,Food,175,344.44,60277.0,484
2025-11-29,SKU0001,Food,24,269.23,6461.52,314
2025-11-29,SKU0028,Electronics,3,215.47,646.41,63
2025-11-29,SKU0029,Clothing,282,318.86,89918.52,296
2025-11-29,SKU0031,Clothing,86,415.21,35708.06,315
2025-11-29,SKU0016,Clothing,39,152.08,5931.12,319
2025-11-30,SKU0042,Sports,23,560.56,12892.88,487
2025-11-30,SKU0002,Sports,38,321.18,12204.84,229
2025-11-30,SKU0050,Sports,86,289.02,24855.72,179
2025-11-30,SKU0012,Electronics,16,188.46,3015.36,494
2025-11-30,SKU0049,Electronics,167,375.6,62725.2,370
2025-11-30,SKU0024,Sports,17,26.58,451.86,65
2025-11-30,SKU0015,Home,25,148.92,3723.0,98
2025-12-01,SKU0035,Electronics,116,110.61,12830.76,52
2025-12-01,SKU0029,Clothing,144,358.39,51608.16,105
2025-12-01,SKU0025,Electronics,639,60.29,38525.31,49
2025-12-01,SKU0024,Sports,129,41.71,5380.59,366
2025-12-02,SKU0008,Clothing,25,138.27,3456.75,130
2025-12-02,SKU0014,Sports,67,324.06,21712.02,194
2025-12-02,SKU0010,Electronics,37,465.82,17235.34,397
2025-12-02,SKU0030,Clothing,63,286.81,18069.03,186
2025-12-02,SKU0033,Home,-19,136.97,-2602.43,111
2025-12-03,SKU0035,Electronics,37,79.85,2954.45,316
2025-12-03,SKU0025,Electronics,-11,75.1,-826.1,353
2025-12-03,SKU0019,Home,36,101.7,3661.2,216
2025-12-03,SKU0006,Clothing,80,377.21,30176.8,181
2025-12-03,SKU0003,Electronics,87,147.43,12826.41,476
2025-12-04,SKU0012,Electronics,56,291.22,16308.32,350
2025-12-04,SKU0022,Food,184,492.21,90566.64,54
2025-12-04,SKU0029,Clothing,144,387.12,55745.28,21
2025-12-04,SKU0020,Home,39,232.45,9065.55,286
2025-12-04,SKU0010,Electronics,62,448.1,27782.2,10
2025-12-05,SKU0006,Clothing,95,351.51,33393.45,431
2025-12-05,SKU0031,Clothing,137,513.2,70308.4,414
2025-12-05,SKU0039,Clothing,81,259.71,21036.51,270
2025-12-05,SKU0021,Home,88,471.14,41460.32,41
2025-12-05,SKU0020,Home,65,202.91,13189.15,101
2025-12-06,SKU0001,Food,31,385.59,11953.29,196
2025-12-06,SKU0022,Food,1,452.54,452.54,499
2025-12-06,SKU0013,Food,81,398.93,32313.33,30
2025-12-07,SKU0043,Sports,64,447.27,28625.28,218
2025-12-07,SKU0036,Sports,95,222.1,21099.5,219
2025-12-08,SKU0020,Home,35,174.06,6092.1,148
2025-12-08,SKU0037,Home,90,402.85,36256.5,434
2025-12-09,SKU0013,Food,154,386.3,59490.2,16
2025-12-09,SKU0012,Electronics,22,294.95,6488.9,220
2025-12-09,SKU0042,Sports,23,374.39,8610.97,485
2025-12-09,SKU0013,Food,29,390.01,11310.29,466
2025-12-09,SKU0041,Electronics,290,301.61,87466.9,186
2025-12-09,SKU0047,Food,72,62.71,4515.12,4
2025-12-10,SKU0044,Electronics,127,426.12,54117.24,395
2025-12-10,SKU0009,Electronics,23,349.99,8049.77,281
2025-12-10,SKU0005,Food,67,307.36,20593.12,108
2025-12-10,SKU0001,Food,25,265.83,6645.75,332
2025-12-11,SKU0031,Clothing,252,433.6,109267.2,436
2025-12-11,SKU0048,Food,142,274.05,38915.1,39
2025-12-12,SKU0011,Sports,28,108.46,3036.88,58
2025-12-12,SKU0019,Home,274,96.38,26408.12,86
2025-12-12,SKU0014,Sports,144,272.67,39264.48,87
2025-12-12,SKU0018,Electronics,45,154.2,6939.0,159
2025-12-12,SKU0029,Clothing,147,399.23,58686.81,281
2025-12-12,SKU0021,Home,60,367.19,22031.4,75
2025-12-12,SKU0029,Clothing,21,253.44,5322.24,150
2025-12-12,SKU0020,Home,29,257.53,7468.37,112
2025-12-13,SKU0022,Food,9,481.57,4334.13,197
2025-12-13,SKU0043,Sports,115,393.27,45226.05,348
2025-12-13,SKU0009,Electronics,12,413.72,4964.64,75
2025-12-13,SKU0016,Clothing,22,159.11,3500.42,278
2025-12-13,SKU0049,Electronics,64,346.61,22183.04,109
2025-12-13,SKU0033,Home,-2,175.58,-351.16,335
2025-12-13,SKU0008,Clothing,-4,164.02,-656.08,229
2025-12-13,SKU0014,Sports,14,195.39,2735.46,277
2025-12-14,SKU0025,Electronics,1930,49.26,95071.8,485
2025-12-14,SKU0039,Clothing,39,276.1,10767.9,396
2025-12-14,SKU0010,Electronics,82,512.59,42032.38,276
2025-12-14,SKU0013,Food,16,360.56,5768.96,329
2025-12-14,SKU0014,Sports,51,344.43,17565.93,195
2025-12-15,SKU0047,Food,72,76.94,5539.68,347
2025-12-15,SKU0029,Clothing,125,306.46,38307.5,41
2025-12-15,SKU0024,Sports,132,30.9,4078.8,422
2025-12-16,SKU0001,Food,-11,427.55,-4703.05,394
2025-12-16,SKU0011,Sports,39,101.77,3969.03,271
2025-12-16,SKU0042,Sports,14,554.58,7764.12,46
2025-12-16,SKU0043,Sports,84,514.77,43240.68,192
2025-12-16,SKU0013,Food,36,242.37,8725.32,355
2025-12-16,SKU0011,Sports,31,103.67,3213.77,455
2025-12-16,SKU0039,Clothing,98,238.42,23365.16,396
2025-12-16,SKU0025,Electronics,462,70.87,32741.94,234
2025-12-16,SKU0049,Electronics,76,386.43,29368.68,279
2025-12-16,SKU0001,Food,18,319.41,5749.38,299
2025-12-16,SKU0001,Food,16,426.86,6829.76,288
2025-12-16,SKU0004,Electronics,84,104.22,8754.48,347
2025-12-16,SKU0042,Sports,88,406.13,35739.44,140
2025-12-16,SKU0040,Sports,26,510.33,13268.58,44
2025-12-17,SKU0022,Food,60,418.15,25089.0,194
2025-12-17,SKU0046,Food,58,445.45,25836.1,272
2025-12-17,SKU0035,Electronics,74,85.6,6334.4,213
2025-12-17,SKU0037,Home,37,420.54,15559.98,135
2025-12-17,SKU0044,Electronics,49,545.57,26732.93,437
2025-12-17,SKU0024,Sports,37,38.49,1424.13,137
2025-12-18,SKU0017,Food,87,212.6,18496.2,81
2025-12-18,SKU0040,Sports,30,585.42,17562.6,157
2025-12-18,SKU0024,Sports,110,30.2,3322.0,452
2025-12-18,SKU0008,Clothing,57,153.43,8745.51,95
2025-12-18,SKU0011,Sports,13,107.79,1401.27,231
2025-12-19,SKU0015,Home,29,146.94,4261.26,71
2025-12-19,SKU0008,Clothing,21,191.46,4020.66,276
2025-12-19,SKU0001,Food,20,397.77,7955.4,101
2025-12-19,SKU0017,Food,12,277.03,3324.36,205
2025-12-19,SKU0024,Sports,85,25.17,2139.45,381
2025-12-19,SKU0045,Food,609,507.25,308915.25,24
2025-12-19,SKU0034,Sports,70,270.96,18967.2,74
2025-12-20,SKU0013,Food,74,335.43,24821.82,213
2025-12-20,SKU0019,Home,88,89.27,7855.76,207
2025-12-20,SKU0012,Electronics,58,196.86,11417.88,313
2025-12-20,SKU0001,Food,44,309.16,13603.04,375
2025-12-20,SKU0019,Home,49,65.16,3192.84,40
2025-12-20,SKU0016,Clothing,18,148.02,2664.36,1
2025-12-20,SKU0011,Sports,8,73.46,587.68,197
2025-12-21,SKU0001,Food,4,278.97,1115.88,133
2025-12-21,SKU0009,Electronics,54,248.41,13414.14,355
2025-12-21,SKU0050,Sports,80,338.45,27076.0,333
2025-12-21,SKU0036,Sports,54,129.84,7011.36,331
2025-12-21,SKU0003,Electronics,35,107.94,3777.9,73
2025-12-22,SKU0042,Sports,109,408.14,44487.26,88
2025-12-22,SKU0016,Clothing,18,141.82,2552.76,95
2025-12-22,SKU0034,Sports,105,239.98,25197.9,379
2025-12-22,SKU0009,Electronics,17,258.17,4388.89,50
2025-12-22,SKU0048,Food,189,274.94,51963.66,410
2025-12-22,SKU0006,Clothing,68,437.11,29723.48,431
2025-12-22,SKU0014,Sports,7,198.91,1392.37,353
2025-12-22,SKU0023,Food,102,108.95,11112.9,152
2025-12-22,SKU0002,Sports,83,310.98,25811.34,420
2025-12-23,SKU0041,Electronics,63,186.97,11779.11,54
2025-12-23,SKU0037,Home,90,377.59,33983.1,154
2025-12-23,SKU0029,Clothing,166,240.55,39931.3,204
2025-12-23,SKU0004,Electronics,-18,108.51,-1953.18,72
2025-12-24,SKU0037,Home,97,408.15,39590.55,15
2025-12-24,SKU0007,Clothing,-2,38.28,-76.56,155
2025-12-24,SKU0036,Sports,49,128.98,6320.02,282
2025-12-24,SKU0006,Clothing,82,335.84,27538.88,424
2025-12-24,SKU0023,Food,107,113.79,12175.53,277
2025-12-25,SKU0014,Sports,89,215.69,19196.41,102
2025-12-25,SKU0002,Sports,144,245.82,35398.08,85
2025-12-25,SKU0024,Sports,135,26.99,3643.65,126
2025-12-25,SKU0015,Home,16,236.77,3788.32,92
2025-12-26,SKU0035,Electronics,74,109.02,8067.48,164
2025-12-26,SKU0012,Electronics,54,229.28,12381.12,39
2025-12-26,SKU0008,Clothing,51,232.47,11855.97,116
2025-12-27,SKU0042,Sports,34,361.17,12279.78,173
2025-12-27,SKU0031,Clothing,349,506.97,176932.53,480
2025-12-27,SKU0026,Food,147,94.17,13842.99,364
2025-12-27,SKU0004,Electronics,43,72.39,3112.77,26
2025-12-27,SKU0034,Sports,-16,331.35,-5301.6,39
2025-12-27,SKU0038,Food,2,309.14,618.28,418
2025-12-27,SKU0024,Sports,143,41.27,5901.61,272
2025-12-27,SKU0015,Home,59,185.58,10949.22,122
2025-12-27,SKU0040,Sports,99,380.28,37647.72,351
2025-12-28,SKU0004,Electronics,348,96.17,33467.16,337
2025-12-28,SKU0022,Food,46,418.09,19232.14,462
2025-12-28,SKU0036,Sports,24,222.43,5338.32,458
2025-12-29,SKU0042,Sports,10,547.48,5474.8,229
2025-12-29,SKU0011,Sports,71,125.97,8943.87,2
2025-12-29,SKU0008,Clothing,44,154.32,6790.08,472
2025-12-29,SKU0008,Clothing,33,189.76,6262.08,22
2025-12-29,SKU0028,Electronics,104,208.96,21731.84,390
2025-12-29,SKU0031,Clothing,8,348.21,2785.68,82
2025-12-29,SKU0022,Food,44,530.49,23341.56,216
2025-12-29,SKU0021,Home,89,435.89,38794.21,160
2025-12-30,SKU0001,Food,18,353.93,6370.74,110
2025-12-30,SKU0041,Electronics,77,323.9,24940.3,192
2025-12-30,SKU0007,Clothing,2,53.14,106.28,123
2025-12-30,SKU0030,Clothing,-4,326.78,-1307.12,213
2025-12-30,SKU0044,Electronics,22,369.59,8130.98,466
2025-12-30,SKU0010,Electronics,82,589.43,48333.26,272
2025-12-30,SKU0023,Food,51,96.91,4942.41,23
2025-12-31,SKU0011,Sports,23,91.13,2095.99,217
2025-12-31,SKU0047,Food,5,110.05,550.25,64
2025-12-31,SKU0050,Sports,3,297.94,893.82,25
2025-12-31,SKU0017,Food,42,243.54,10228.68,69
2025-12-31,SKU0043,Sports,139,429.41,59687.99,490
2025-12-31,SKU0038,Food,19,237.07,4504.33,428
2025-12-31,SKU0021,Home,33,400.31,13210.23,319
2025-12-31,SKU0049,Electronics,170,376.23,63959.1,227
2026-01-01,SKU0011,Sports,19,117.56,2233.64,65
2026-01-01,SKU0011,Sports,17,125.58,2134.86,254
2026-01-01,SKU0031,Clothing,129,332.93,42947.97,352
2026-01-02,SKU0046,Food,37,478.29,17696.73,346
2026-01-02,SKU0011,Sports,21,105.81,2222.01,7
2026-01-03,SKU0030,Clothing,172,242.62,41730.64,479
2026-01-03,SKU0039,Clothing,81,393.03,31835.43,118
2026-01-03,SKU0028,Electronics,59,273.93,16161.87,283
2026-01-03,SKU0041,Electronics,80,267.26,21380.8,48
2026-01-03,SKU0028,Electronics,63,223.64,14089.32,490
2026-01-03,SKU0048,Food,68,290.98,19786.64,22
2026-01-04,SKU0002,Sports,290,253.08,73393.2,471
2026-01-04,SKU0020,Home,1,275.7,275.7,135
2026-01-04,SKU0024,Sports,141,39.99,5638.59,236
2026-01-04,SKU0047,Food,9,71.81,646.29,460
2026-01-04,SKU0002,Sports,232,318.15,73810.8,443
2026-01-04,SKU0044,Electronics,93,371.0,34503.0,462
2026-01-04,SKU0014,Sports,1,310.63,310.63,129
2026-01-04,SKU0005,Food,96,368.95,35419.2,108
2026-01-05,SKU0019,Home,105,102.27,10738.35,1
2026-01-05,SKU0049,Electronics,76,405.18,30793.68,43
2026-01-05,SKU0026,Food,15,74.6,1119.0,93
2026-01-05,SKU0026,Food,23,108.29,2490.67,257
2026-01-05,SKU0043,Sports,49,309.95,15187.55,484
2026-01-05,SKU0031,Clothing,23,510.56,11742.88,64
2026-01-05,SKU0047,Food,56,62.44,3496.64,432
2026-01-05,SKU0009,Electronics,58,448.52,26014.16,228
2026-01-06,SKU0024,Sports,-9,34.74,-312.66,295
2026-01-06,SKU0021,Home,92,418.34,38487.28,454
2026-01-06,SKU0001,Food,7,422.58,2958.06,470
2026-01-06,SKU0007,Clothing,29,42.64,1236.56,482
2026-01-07,SKU0012,Electronics,5,233.97,1169.85,303
2026-01-08,SKU0017,Food,17,262.74,4466.58,318
2026-01-08,SKU0027,Food,73,249.17,18189.41,114
2026-01-08,SKU0029,Clothing,107,405.1,43345.7,123
2026-01-08,SKU0006,Clothing,6,562.89,3377.34,49
2026-01-08,SKU0043,Sports,144,337.3,48571.2,216
2026-01-08,SKU0048,Food,69,407.01,28083.69,314
2026-01-08,SKU0013,Food,82,357.93,29350.26,389
2026-01-08,SKU0035,Electronics,101,143.03,14446.03,36
2026-01-08,SKU0042,Sports,22,448.95,9876.9,474
2026-01-08,SKU0024,Sports,94,42.02,3949.88,8
2026-01-09,SKU0047,Food,62,100.97,6260.14,98
2026-01-09,SKU0047,Food,31,63.18,1958.58,29
2026-01-09,SKU0042,Sports,21,413.38,8680.98,6
2026-01-10,SKU0001,Food,12,286.92,3443.04,140
2026-01-10,SKU0001,Food,10,293.15,2931.5,427
2026-01-10,SKU0002,Sports,95,275.36,26159.2,123
2026-01-10,SKU0043,Sports,73,466.05,34021.65,165
2026-01-10,SKU0021,Home,54,567.56,30648.24,227
2026-01-10,SKU0033,Home,18,135.34,2436.12,437
2026-01-11,SKU0014,Sports,73,326.51,23835.23,400
2026-01-11,SKU0030,Clothing,39,384.04,14977.56,498
2026-01-11,SKU0006,Clothing,174,563.97,98130.78,103
2026-01-11,SKU0001,Food,45,428.9,19300.5,449
2026-01-11,SKU0049,Electronics,82,251.01,20582.82,2
2026-01-11,SKU0002,Sports,91,335.47,30527.77,460
2026-01-11,SKU0031,Clothing,316,514.23,162496.68,180
2026-01-11,SKU0036,Sports,41,157.89,6473.49,440
2026-01-11,SKU0015,Home,57,209.81,11959.17,198
2026-01-11,SKU0047,Food,-5,83.27,-416.35,446
2026-01-11,SKU0014,Sports,48,214.89,10314.72,262
2026-01-11,SKU0019,Home,38,108.67,4129.46,291
2026-01-11,SKU0023,Food,-5,103.81,-519.05,228
2026-01-12,SKU0019,Home,6,107.85,647.1,110
2026-01-12,SKU0048,Food,62,287.71,17838.02,68
2026-01-12,SKU0031,Clothing,98,522.87,51241.26,266
2026-01-13,SKU0026,Food,36,103.28,3718.08,47
2026-01-13,SKU0046,Food,75,272.88,20466.0,51
2026-01-13,SKU0015,Home,18,234.07,4213.26,347
2026-01-13,SKU0037,Home,155,426.52,66110.6,10
2026-01-13,SKU0006,Clothing,9,567.19,5104.71,171
2026-01-13,SKU0014,Sports,49,351.19,17208.31,397
2026-01-14,SKU0002,Sports,86,310.73,26722.78,332
2026-01-14,SKU0020,Home,20,204.97,4099.4,435
2026-01-14,SKU0016,Clothing,36,111.89,4028.04,370
2026-01-14,SKU0004,Electronics,63,64.1,4038.3,223
2026-01-14,SKU0048,Food,39,379.85,14814.15,105
2026-01-14,SKU0035,Electronics,23,123.01,2829.23,127
2026-01-14,SKU0027,Food,83,266.71,22136.93,231
2026-01-14,SKU0034,Sports,72,231.85,16693.2,238
2026-01-14,SKU0041,Electronics,97,269.13,26105.61,138
2026-01-14,SKU0027,Food,90,259.29,23336.1,387
2026-01-14,SKU0025,Electronics,684,55.41,37900.44,173
2026-01-14,SKU0008,Clothing,82,190.96,15658.72,474
2026-01-14,SKU0001,Food,13,455.06,5915.78,84
2026-01-14,SKU0021,Home,73,396.6,28951.8,402
2026-01-15,SKU0018,Electronics,46,171.39,7883.94,151
2026-01-15,SKU0038,Food,21,347.68,7301.28,195
2026-01-15,SKU0033,Home,105,178.9,18784.5,52
